company_id,year_from,year_to,pattern_from,pattern_to,change_summary
ABB,2011,2012,Unknown,Reinvestor,ABB: Unknown -> Reinvestor (2011 to 2012)
ABB,2012,2013,Reinvestor,Unknown,ABB: Reinvestor -> Unknown (2012 to 2013)
ABB,2013,2014,Unknown,Reinvestor,ABB: Unknown -> Reinvestor (2013 to 2014)
ABB,2016,2017,Reinvestor,Shareholder Returns,ABB: Reinvestor -> Shareholder Returns (2016 to 2017)
ABB,2017,2018,Shareholder Returns,Reinvestor,ABB: Shareholder Returns -> Reinvestor (2017 to 2018)
ABB,2018,2019,Reinvestor,Shareholder Returns,ABB: Reinvestor -> Shareholder Returns (2018 to 2019)
ABB,2022,2023,Shareholder Returns,Reinvestor,ABB: Shareholder Returns -> Reinvestor (2022 to 2023)
ABB,2023,2024,Reinvestor,Shareholder Returns,ABB: Reinvestor -> Shareholder Returns (2023 to 2024)
ABB,2024,nan,Shareholder Returns,Unknown,ABB: Shareholder Returns -> Unknown (2024 to nan)
ADANIENSOL,2013,2014,Unknown,Cash Accumulator,ADANIENSOL: Unknown -> Cash Accumulator (2013 to 2014)
ADANIENSOL,2014,2015,Cash Accumulator,Growth Funded by Debt,ADANIENSOL: Cash Accumulator -> Growth Funded by Debt (2014 to 2015)
ADANIENSOL,2015,2016,Growth Funded by Debt,Shareholder Returns,ADANIENSOL: Growth Funded by Debt -> Shareholder Returns (2015 to 2016)
ADANIENSOL,2017,2018,Shareholder Returns,Mixed,ADANIENSOL: Shareholder Returns -> Mixed (2017 to 2018)
ADANIENSOL,2020,2021,Mixed,Shareholder Returns,ADANIENSOL: Mixed -> Shareholder Returns (2020 to 2021)
ADANIENSOL,2022,2023,Shareholder Returns,Mixed,ADANIENSOL: Shareholder Returns -> Mixed (2022 to 2023)
ADANIENSOL,2023,2024,Mixed,Shareholder Returns,ADANIENSOL: Mixed -> Shareholder Returns (2023 to 2024)
ADANIENSOL,2024,nan,Shareholder Returns,Unknown,ADANIENSOL: Shareholder Returns -> Unknown (2024 to nan)
ADANIENT,2012,2013,Unknown,Mixed,ADANIENT: Unknown -> Mixed (2012 to 2013)
ADANIENT,2013,2014,Mixed,Shareholder Returns,ADANIENT: Mixed -> Shareholder Returns (2013 to 2014)
ADANIENT,2014,2015,Shareholder Returns,Mixed,ADANIENT: Shareholder Returns -> Mixed (2014 to 2015)
ADANIENT,2015,2016,Mixed,Shareholder Returns,ADANIENT: Mixed -> Shareholder Returns (2015 to 2016)
ADANIENT,2016,2017,Shareholder Returns,Mixed,ADANIENT: Shareholder Returns -> Mixed (2016 to 2017)
ADANIENT,2018,2019,Mixed,Liquidating Assets,ADANIENT: Mixed -> Liquidating Assets (2018 to 2019)
ADANIENT,2019,2020,Liquidating Assets,Shareholder Returns,ADANIENT: Liquidating Assets -> Shareholder Returns (2019 to 2020)
ADANIENT,2020,2021,Shareholder Returns,Mixed,ADANIENT: Shareholder Returns -> Mixed (2020 to 2021)
ADANIENT,2022,2023,Mixed,Shareholder Returns,ADANIENT: Mixed -> Shareholder Returns (2022 to 2023)
ADANIENT,2023,2024,Shareholder Returns,Mixed,ADANIENT: Shareholder Returns -> Mixed (2023 to 2024)
ADANIENT,2024,nan,Mixed,Unknown,ADANIENT: Mixed -> Unknown (2024 to nan)
ADANIGREEN,2016,2017,Unknown,Mixed,ADANIGREEN: Unknown -> Mixed (2016 to 2017)
ADANIGREEN,2022,2023,Mixed,Shareholder Returns,ADANIGREEN: Mixed -> Shareholder Returns (2022 to 2023)
ADANIGREEN,2023,2024,Shareholder Returns,Mixed,ADANIGREEN: Shareholder Returns -> Mixed (2023 to 2024)
ADANIGREEN,2024,nan,Mixed,Unknown,ADANIGREEN: Mixed -> Unknown (2024 to nan)
ADANIPORTS,2012,2013,Unknown,Mixed,ADANIPORTS: Unknown -> Mixed (2012 to 2013)
ADANIPORTS,2014,2015,Mixed,Shareholder Returns,ADANIPORTS: Mixed -> Shareholder Returns (2014 to 2015)
ADANIPORTS,2015,2016,Shareholder Returns,Mixed,ADANIPORTS: Shareholder Returns -> Mixed (2015 to 2016)
ADANIPORTS,2016,2017,Mixed,Shareholder Returns,ADANIPORTS: Mixed -> Shareholder Returns (2016 to 2017)
ADANIPORTS,2018,2019,Shareholder Returns,Mixed,ADANIPORTS: Shareholder Returns -> Mixed (2018 to 2019)
ADANIPORTS,2019,2020,Mixed,Shareholder Returns,ADANIPORTS: Mixed -> Shareholder Returns (2019 to 2020)
ADANIPORTS,2020,2021,Shareholder Returns,Mixed,ADANIPORTS: Shareholder Returns -> Mixed (2020 to 2021)
ADANIPORTS,2021,2022,Mixed,Shareholder Returns,ADANIPORTS: Mixed -> Shareholder Returns (2021 to 2022)
ADANIPORTS,2024,nan,Shareholder Returns,Unknown,ADANIPORTS: Shareholder Returns -> Unknown (2024 to nan)
ADANIPOWER,2012,2013,Unknown,Mixed,ADANIPOWER: Unknown -> Mixed (2012 to 2013)
ADANIPOWER,2014,2015,Mixed,Reinvestor,ADANIPOWER: Mixed -> Reinvestor (2014 to 2015)
ADANIPOWER,2015,2016,Reinvestor,Shareholder Returns,ADANIPOWER: Reinvestor -> Shareholder Returns (2015 to 2016)
ADANIPOWER,2016,2017,Shareholder Returns,Reinvestor,ADANIPOWER: Shareholder Returns -> Reinvestor (2016 to 2017)
ADANIPOWER,2020,2021,Reinvestor,Shareholder Returns,ADANIPOWER: Reinvestor -> Shareholder Returns (2020 to 2021)
ADANIPOWER,2021,2022,Shareholder Returns,Liquidating Assets,ADANIPOWER: Shareholder Returns -> Liquidating Assets (2021 to 2022)
ADANIPOWER,2024,nan,Liquidating Assets,Unknown,ADANIPOWER: Liquidating Assets -> Unknown (2024 to nan)
AMBUJACEM,2011,2012,Unknown,Shareholder Returns,AMBUJACEM: Unknown -> Shareholder Returns (2011 to 2012)
AMBUJACEM,2012,2013,Shareholder Returns,Reinvestor,AMBUJACEM: Shareholder Returns -> Reinvestor (2012 to 2013)
AMBUJACEM,2013,2014,Reinvestor,Shareholder Returns,AMBUJACEM: Reinvestor -> Shareholder Returns (2013 to 2014)
AMBUJACEM,2017,2018,Shareholder Returns,Reinvestor,AMBUJACEM: Shareholder Returns -> Reinvestor (2017 to 2018)
AMBUJACEM,2018,2019,Reinvestor,Shareholder Returns,AMBUJACEM: Reinvestor -> Shareholder Returns (2018 to 2019)
AMBUJACEM,2021,2022,Shareholder Returns,Unknown,AMBUJACEM: Shareholder Returns -> Unknown (2021 to 2022)
AMBUJACEM,2022,2023,Unknown,Mixed,AMBUJACEM: Unknown -> Mixed (2022 to 2023)
AMBUJACEM,2024,nan,Mixed,Unknown,AMBUJACEM: Mixed -> Unknown (2024 to nan)
APOLLOHOSP,2012,2013,Unknown,Mixed,APOLLOHOSP: Unknown -> Mixed (2012 to 2013)
APOLLOHOSP,2013,2014,Mixed,Shareholder Returns,APOLLOHOSP: Mixed -> Shareholder Returns (2013 to 2014)
APOLLOHOSP,2014,2015,Shareholder Returns,Mixed,APOLLOHOSP: Shareholder Returns -> Mixed (2014 to 2015)
APOLLOHOSP,2017,2018,Mixed,Shareholder Returns,APOLLOHOSP: Mixed -> Shareholder Returns (2017 to 2018)
APOLLOHOSP,2024,nan,Shareholder Returns,Unknown,APOLLOHOSP: Shareholder Returns -> Unknown (2024 to nan)
ASIANPAINT,2012,2013,Unknown,Shareholder Returns,ASIANPAINT: Unknown -> Shareholder Returns (2012 to 2013)
ASIANPAINT,2014,2015,Shareholder Returns,Reinvestor,ASIANPAINT: Shareholder Returns -> Reinvestor (2014 to 2015)
ASIANPAINT,2015,2016,Reinvestor,Shareholder Returns,ASIANPAINT: Reinvestor -> Shareholder Returns (2015 to 2016)
ASIANPAINT,2016,2017,Shareholder Returns,Reinvestor,ASIANPAINT: Shareholder Returns -> Reinvestor (2016 to 2017)
ASIANPAINT,2017,2018,Reinvestor,Shareholder Returns,ASIANPAINT: Reinvestor -> Shareholder Returns (2017 to 2018)
ASIANPAINT,2021,2022,Shareholder Returns,Reinvestor,ASIANPAINT: Shareholder Returns -> Reinvestor (2021 to 2022)
ASIANPAINT,2023,2024,Reinvestor,Shareholder Returns,ASIANPAINT: Reinvestor -> Shareholder Returns (2023 to 2024)
ASIANPAINT,2024,nan,Shareholder Returns,Unknown,ASIANPAINT: Shareholder Returns -> Unknown (2024 to nan)
AXISBANK,2012,2013,Unknown,Mixed,AXISBANK: Unknown -> Mixed (2012 to 2013)
AXISBANK,2014,2015,Mixed,Growth Funded by Debt,AXISBANK: Mixed -> Growth Funded by Debt (2014 to 2015)
AXISBANK,2015,2016,Growth Funded by Debt,Distress Signal,AXISBANK: Growth Funded by Debt -> Distress Signal (2015 to 2016)
AXISBANK,2016,2017,Distress Signal,Shareholder Returns,AXISBANK: Distress Signal -> Shareholder Returns (2016 to 2017)
AXISBANK,2017,2018,Shareholder Returns,Growth Funded by Debt,AXISBANK: Shareholder Returns -> Growth Funded by Debt (2017 to 2018)
AXISBANK,2018,2019,Growth Funded by Debt,Mixed,AXISBANK: Growth Funded by Debt -> Mixed (2018 to 2019)
AXISBANK,2023,2024,Mixed,Growth Funded by Debt,AXISBANK: Mixed -> Growth Funded by Debt (2023 to 2024)
AXISBANK,2024,nan,Growth Funded by Debt,Unknown,AXISBANK: Growth Funded by Debt -> Unknown (2024 to nan)
BAJAJ-AUTO,2012,2013,Unknown,Reinvestor,BAJAJ-AUTO: Unknown -> Reinvestor (2012 to 2013)
BAJAJ-AUTO,2013,2014,Reinvestor,Shareholder Returns,BAJAJ-AUTO: Reinvestor -> Shareholder Returns (2013 to 2014)
BAJAJ-AUTO,2014,2015,Shareholder Returns,Reinvestor,BAJAJ-AUTO: Shareholder Returns -> Reinvestor (2014 to 2015)
BAJAJ-AUTO,2017,2018,Reinvestor,Shareholder Returns,BAJAJ-AUTO: Reinvestor -> Shareholder Returns (2017 to 2018)
BAJAJ-AUTO,2018,2019,Shareholder Returns,Reinvestor,BAJAJ-AUTO: Shareholder Returns -> Reinvestor (2018 to 2019)
BAJAJ-AUTO,2019,2020,Reinvestor,Liquidating Assets,BAJAJ-AUTO: Reinvestor -> Liquidating Assets (2019 to 2020)
BAJAJ-AUTO,2020,2021,Liquidating Assets,Reinvestor,BAJAJ-AUTO: Liquidating Assets -> Reinvestor (2020 to 2021)
BAJAJ-AUTO,2021,2022,Reinvestor,Liquidating Assets,BAJAJ-AUTO: Reinvestor -> Liquidating Assets (2021 to 2022)
BAJAJ-AUTO,2023,2024,Liquidating Assets,Reinvestor,BAJAJ-AUTO: Liquidating Assets -> Reinvestor (2023 to 2024)
BAJAJ-AUTO,2024,nan,Reinvestor,Unknown,BAJAJ-AUTO: Reinvestor -> Unknown (2024 to nan)
BAJAJFINSV,2012,2013,Unknown,Distress Signal,BAJAJFINSV: Unknown -> Distress Signal (2012 to 2013)
BAJAJFINSV,2015,2016,Distress Signal,Growth Funded by Debt,BAJAJFINSV: Distress Signal -> Growth Funded by Debt (2015 to 2016)
BAJAJFINSV,2016,2017,Growth Funded by Debt,Distress Signal,BAJAJFINSV: Growth Funded by Debt -> Distress Signal (2016 to 2017)
BAJAJFINSV,2017,2018,Distress Signal,Growth Funded by Debt,BAJAJFINSV: Distress Signal -> Growth Funded by Debt (2017 to 2018)
BAJAJFINSV,2020,2021,Growth Funded by Debt,Mixed,BAJAJFINSV: Growth Funded by Debt -> Mixed (2020 to 2021)
BAJAJFINSV,2021,2022,Mixed,Distress Signal,BAJAJFINSV: Mixed -> Distress Signal (2021 to 2022)
BAJAJFINSV,2022,2023,Distress Signal,Growth Funded by Debt,BAJAJFINSV: Distress Signal -> Growth Funded by Debt (2022 to 2023)
BAJAJFINSV,2024,nan,Growth Funded by Debt,Unknown,BAJAJFINSV: Growth Funded by Debt -> Unknown (2024 to nan)
BAJAJHLDNG,2012,2013,Unknown,Reinvestor,BAJAJHLDNG: Unknown -> Reinvestor (2012 to 2013)
BAJAJHLDNG,2015,2016,Reinvestor,Liquidating Assets,BAJAJHLDNG: Reinvestor -> Liquidating Assets (2015 to 2016)
BAJAJHLDNG,2016,2017,Liquidating Assets,Pre-Revenue,BAJAJHLDNG: Liquidating Assets -> Pre-Revenue (2016 to 2017)
BAJAJHLDNG,2017,2018,Pre-Revenue,Reinvestor,BAJAJHLDNG: Pre-Revenue -> Reinvestor (2017 to 2018)
BAJAJHLDNG,2024,nan,Reinvestor,Unknown,BAJAJHLDNG: Reinvestor -> Unknown (2024 to nan)
BAJFINANCE,2014,2015,Unknown,Growth Funded by Debt,BAJFINANCE: Unknown -> Growth Funded by Debt (2014 to 2015)
BAJFINANCE,2017,2018,Growth Funded by Debt,Distress Signal,BAJFINANCE: Growth Funded by Debt -> Distress Signal (2017 to 2018)
BAJFINANCE,2018,2019,Distress Signal,Growth Funded by Debt,BAJFINANCE: Distress Signal -> Growth Funded by Debt (2018 to 2019)
BAJFINANCE,2021,2022,Growth Funded by Debt,Distress Signal,BAJFINANCE: Growth Funded by Debt -> Distress Signal (2021 to 2022)
BAJFINANCE,2022,2023,Distress Signal,Growth Funded by Debt,BAJFINANCE: Distress Signal -> Growth Funded by Debt (2022 to 2023)
BAJFINANCE,2024,nan,Growth Funded by Debt,Unknown,BAJFINANCE: Growth Funded by Debt -> Unknown (2024 to nan)
BANKBARODA,2012,2013,Unknown,Shareholder Returns,BANKBARODA: Unknown -> Shareholder Returns (2012 to 2013)
BANKBARODA,2013,2014,Shareholder Returns,Mixed,BANKBARODA: Shareholder Returns -> Mixed (2013 to 2014)
BANKBARODA,2014,2015,Mixed,Shareholder Returns,BANKBARODA: Mixed -> Shareholder Returns (2014 to 2015)
BANKBARODA,2015,2016,Shareholder Returns,Pre-Revenue,BANKBARODA: Shareholder Returns -> Pre-Revenue (2015 to 2016)
BANKBARODA,2016,2017,Pre-Revenue,Shareholder Returns,BANKBARODA: Pre-Revenue -> Shareholder Returns (2016 to 2017)
BANKBARODA,2017,2018,Shareholder Returns,Growth Funded by Debt,BANKBARODA: Shareholder Returns -> Growth Funded by Debt (2017 to 2018)
BANKBARODA,2019,2020,Growth Funded by Debt,Mixed,BANKBARODA: Growth Funded by Debt -> Mixed (2019 to 2020)
BANKBARODA,2020,2021,Mixed,Pre-Revenue,BANKBARODA: Mixed -> Pre-Revenue (2020 to 2021)
BANKBARODA,2021,2022,Pre-Revenue,Reinvestor,BANKBARODA: Pre-Revenue -> Reinvestor (2021 to 2022)
BANKBARODA,2022,2023,Reinvestor,Pre-Revenue,BANKBARODA: Reinvestor -> Pre-Revenue (2022 to 2023)
BANKBARODA,2023,2024,Pre-Revenue,Growth Funded by Debt,BANKBARODA: Pre-Revenue -> Growth Funded by Debt (2023 to 2024)
BANKBARODA,2024,nan,Growth Funded by Debt,Unknown,BANKBARODA: Growth Funded by Debt -> Unknown (2024 to nan)
BEL,2014,2015,Unknown,Shareholder Returns,BEL: Unknown -> Shareholder Returns (2014 to 2015)
BEL,2016,2017,Shareholder Returns,Unknown,BEL: Shareholder Returns -> Unknown (2016 to 2017)
BEL,2017,2018,Unknown,Pre-Revenue,BEL: Unknown -> Pre-Revenue (2017 to 2018)
BEL,2018,2019,Pre-Revenue,Reinvestor,BEL: Pre-Revenue -> Reinvestor (2018 to 2019)
BEL,2019,2020,Reinvestor,Shareholder Returns,BEL: Reinvestor -> Shareholder Returns (2019 to 2020)
BEL,2022,2023,Shareholder Returns,Liquidating Assets,BEL: Shareholder Returns -> Liquidating Assets (2022 to 2023)
BEL,2023,2024,Liquidating Assets,Shareholder Returns,BEL: Liquidating Assets -> Shareholder Returns (2023 to 2024)
BEL,2024,nan,Shareholder Returns,Unknown,BEL: Shareholder Returns -> Unknown (2024 to nan)
BHARTIARTL,2012,2013,Unknown,Shareholder Returns,BHARTIARTL: Unknown -> Shareholder Returns (2012 to 2013)
BHARTIARTL,2013,2014,Shareholder Returns,Mixed,BHARTIARTL: Shareholder Returns -> Mixed (2013 to 2014)
BHARTIARTL,2014,2015,Mixed,Shareholder Returns,BHARTIARTL: Mixed -> Shareholder Returns (2014 to 2015)
BHARTIARTL,2017,2018,Shareholder Returns,Mixed,BHARTIARTL: Shareholder Returns -> Mixed (2017 to 2018)
BHARTIARTL,2020,2021,Mixed,Reinvestor,BHARTIARTL: Mixed -> Reinvestor (2020 to 2021)
BHARTIARTL,2021,2022,Reinvestor,Shareholder Returns,BHARTIARTL: Reinvestor -> Shareholder Returns (2021 to 2022)
BHARTIARTL,2024,nan,Shareholder Returns,Unknown,BHARTIARTL: Shareholder Returns -> Unknown (2024 to nan)
BHEL,2012,2013,Unknown,Mixed,BHEL: Unknown -> Mixed (2012 to 2013)
BHEL,2014,2015,Mixed,Liquidating Assets,BHEL: Mixed -> Liquidating Assets (2014 to 2015)
BHEL,2016,2017,Liquidating Assets,Shareholder Returns,BHEL: Liquidating Assets -> Shareholder Returns (2016 to 2017)
BHEL,2017,2018,Shareholder Returns,Liquidating Assets,BHEL: Shareholder Returns -> Liquidating Assets (2017 to 2018)
BHEL,2018,2019,Liquidating Assets,Unknown,BHEL: Liquidating Assets -> Unknown (2018 to 2019)
BHEL,2019,2020,Unknown,Distress Signal,BHEL: Unknown -> Distress Signal (2019 to 2020)
BHEL,2020,2021,Distress Signal,Reinvestor,BHEL: Distress Signal -> Reinvestor (2020 to 2021)
BHEL,2021,2022,Reinvestor,Shareholder Returns,BHEL: Reinvestor -> Shareholder Returns (2021 to 2022)
BHEL,2022,2023,Shareholder Returns,Distress Signal,BHEL: Shareholder Returns -> Distress Signal (2022 to 2023)
BHEL,2024,nan,Distress Signal,Unknown,BHEL: Distress Signal -> Unknown (2024 to nan)
BOSCHLTD,2011,2012,Unknown,Reinvestor,BOSCHLTD: Unknown -> Reinvestor (2011 to 2012)
BOSCHLTD,2012,2013,Reinvestor,Shareholder Returns,BOSCHLTD: Reinvestor -> Shareholder Returns (2012 to 2013)
BOSCHLTD,2013,2014,Shareholder Returns,Unknown,BOSCHLTD: Shareholder Returns -> Unknown (2013 to 2014)
BOSCHLTD,2014,2015,Unknown,Shareholder Returns,BOSCHLTD: Unknown -> Shareholder Returns (2014 to 2015)
BOSCHLTD,2015,2016,Shareholder Returns,Reinvestor,BOSCHLTD: Shareholder Returns -> Reinvestor (2015 to 2016)
BOSCHLTD,2016,2017,Reinvestor,Liquidating Assets,BOSCHLTD: Reinvestor -> Liquidating Assets (2016 to 2017)
BOSCHLTD,2017,2018,Liquidating Assets,Shareholder Returns,BOSCHLTD: Liquidating Assets -> Shareholder Returns (2017 to 2018)
BOSCHLTD,2018,2019,Shareholder Returns,Liquidating Assets,BOSCHLTD: Shareholder Returns -> Liquidating Assets (2018 to 2019)
BOSCHLTD,2019,2020,Liquidating Assets,Shareholder Returns,BOSCHLTD: Liquidating Assets -> Shareholder Returns (2019 to 2020)
BOSCHLTD,2021,2022,Shareholder Returns,Reinvestor,BOSCHLTD: Shareholder Returns -> Reinvestor (2021 to 2022)
BOSCHLTD,2022,2023,Reinvestor,Liquidating Assets,BOSCHLTD: Reinvestor -> Liquidating Assets (2022 to 2023)
BOSCHLTD,2024,nan,Liquidating Assets,Unknown,BOSCHLTD: Liquidating Assets -> Unknown (2024 to nan)
BPCL,2012,2013,Unknown,Shareholder Returns,BPCL: Unknown -> Shareholder Returns (2012 to 2013)
BPCL,2016,2017,Shareholder Returns,Mixed,BPCL: Shareholder Returns -> Mixed (2016 to 2017)
BPCL,2017,2018,Mixed,Shareholder Returns,BPCL: Mixed -> Shareholder Returns (2017 to 2018)
BPCL,2018,2019,Shareholder Returns,Mixed,BPCL: Shareholder Returns -> Mixed (2018 to 2019)
BPCL,2020,2021,Mixed,Shareholder Returns,BPCL: Mixed -> Shareholder Returns (2020 to 2021)
BPCL,2024,nan,Shareholder Returns,Unknown,BPCL: Shareholder Returns -> Unknown (2024 to nan)
BRITANNIA,2012,2013,Unknown,Liquidating Assets,BRITANNIA: Unknown -> Liquidating Assets (2012 to 2013)
BRITANNIA,2013,2014,Liquidating Assets,Shareholder Returns,BRITANNIA: Liquidating Assets -> Shareholder Returns (2013 to 2014)
BRITANNIA,2014,2015,Shareholder Returns,Reinvestor,BRITANNIA: Shareholder Returns -> Reinvestor (2014 to 2015)
BRITANNIA,2015,2016,Reinvestor,Shareholder Returns,BRITANNIA: Reinvestor -> Shareholder Returns (2015 to 2016)
BRITANNIA,2016,2017,Shareholder Returns,Reinvestor,BRITANNIA: Shareholder Returns -> Reinvestor (2016 to 2017)
BRITANNIA,2017,2018,Reinvestor,Shareholder Returns,BRITANNIA: Reinvestor -> Shareholder Returns (2017 to 2018)
BRITANNIA,2019,2020,Shareholder Returns,Mixed,BRITANNIA: Shareholder Returns -> Mixed (2019 to 2020)
BRITANNIA,2020,2021,Mixed,Liquidating Assets,BRITANNIA: Mixed -> Liquidating Assets (2020 to 2021)
BRITANNIA,2022,2023,Liquidating Assets,Shareholder Returns,BRITANNIA: Liquidating Assets -> Shareholder Returns (2022 to 2023)
BRITANNIA,2023,2024,Shareholder Returns,Liquidating Assets,BRITANNIA: Shareholder Returns -> Liquidating Assets (2023 to 2024)
BRITANNIA,2024,nan,Liquidating Assets,Unknown,BRITANNIA: Liquidating Assets -> Unknown (2024 to nan)
CANBK,2012,2013,Unknown,Shareholder Returns,CANBK: Unknown -> Shareholder Returns (2012 to 2013)
CANBK,2015,2016,Shareholder Returns,Reinvestor,CANBK: Shareholder Returns -> Reinvestor (2015 to 2016)
CANBK,2016,2017,Reinvestor,Mixed,CANBK: Reinvestor -> Mixed (2016 to 2017)
CANBK,2017,2018,Mixed,Growth Funded by Debt,CANBK: Mixed -> Growth Funded by Debt (2017 to 2018)
CANBK,2018,2019,Growth Funded by Debt,Shareholder Returns,CANBK: Growth Funded by Debt -> Shareholder Returns (2018 to 2019)
CANBK,2019,2020,Shareholder Returns,Growth Funded by Debt,CANBK: Shareholder Returns -> Growth Funded by Debt (2019 to 2020)
CANBK,2020,2021,Growth Funded by Debt,Mixed,CANBK: Growth Funded by Debt -> Mixed (2020 to 2021)
CANBK,2022,2023,Mixed,Growth Funded by Debt,CANBK: Mixed -> Growth Funded by Debt (2022 to 2023)
CANBK,2023,2024,Growth Funded by Debt,Reinvestor,CANBK: Growth Funded by Debt -> Reinvestor (2023 to 2024)
CANBK,2024,nan,Reinvestor,Unknown,CANBK: Reinvestor -> Unknown (2024 to nan)
CHOLAFIN,2012,2013,Unknown,Distress Signal,CHOLAFIN: Unknown -> Distress Signal (2012 to 2013)
CHOLAFIN,2013,2014,Distress Signal,Growth Funded by Debt,CHOLAFIN: Distress Signal -> Growth Funded by Debt (2013 to 2014)
CHOLAFIN,2021,2022,Growth Funded by Debt,Distress Signal,CHOLAFIN: Growth Funded by Debt -> Distress Signal (2021 to 2022)
CHOLAFIN,2022,2023,Distress Signal,Growth Funded by Debt,CHOLAFIN: Distress Signal -> Growth Funded by Debt (2022 to 2023)
CHOLAFIN,2024,nan,Growth Funded by Debt,Unknown,CHOLAFIN: Growth Funded by Debt -> Unknown (2024 to nan)
CIPLA,2012,2013,Unknown,Mixed,CIPLA: Unknown -> Mixed (2012 to 2013)
CIPLA,2013,2014,Mixed,Shareholder Returns,CIPLA: Mixed -> Shareholder Returns (2013 to 2014)
CIPLA,2014,2015,Shareholder Returns,Mixed,CIPLA: Shareholder Returns -> Mixed (2014 to 2015)
CIPLA,2016,2017,Mixed,Shareholder Returns,CIPLA: Mixed -> Shareholder Returns (2016 to 2017)
CIPLA,2019,2020,Shareholder Returns,Liquidating Assets,CIPLA: Shareholder Returns -> Liquidating Assets (2019 to 2020)
CIPLA,2020,2021,Liquidating Assets,Shareholder Returns,CIPLA: Liquidating Assets -> Shareholder Returns (2020 to 2021)
CIPLA,2023,2024,Shareholder Returns,Reinvestor,CIPLA: Shareholder Returns -> Reinvestor (2023 to 2024)
CIPLA,2024,nan,Reinvestor,Unknown,CIPLA: Reinvestor -> Unknown (2024 to nan)
COALINDIA,2012,2013,Unknown,Reinvestor,COALINDIA: Unknown -> Reinvestor (2012 to 2013)
COALINDIA,2013,2014,Reinvestor,Liquidating Assets,COALINDIA: Reinvestor -> Liquidating Assets (2013 to 2014)
COALINDIA,2017,2018,Liquidating Assets,Shareholder Returns,COALINDIA: Liquidating Assets -> Shareholder Returns (2017 to 2018)
COALINDIA,2018,2019,Shareholder Returns,Reinvestor,COALINDIA: Shareholder Returns -> Reinvestor (2018 to 2019)
COALINDIA,2019,2020,Reinvestor,Liquidating Assets,COALINDIA: Reinvestor -> Liquidating Assets (2019 to 2020)
COALINDIA,2021,2022,Liquidating Assets,Shareholder Returns,COALINDIA: Liquidating Assets -> Shareholder Returns (2021 to 2022)
COALINDIA,2023,2024,Shareholder Returns,Reinvestor,COALINDIA: Shareholder Returns -> Reinvestor (2023 to 2024)
COALINDIA,2024,nan,Reinvestor,Unknown,COALINDIA: Reinvestor -> Unknown (2024 to nan)
DABUR,2012,2013,Unknown,Shareholder Returns,DABUR: Unknown -> Shareholder Returns (2012 to 2013)
DABUR,2014,2015,Shareholder Returns,Reinvestor,DABUR: Shareholder Returns -> Reinvestor (2014 to 2015)
DABUR,2018,2019,Reinvestor,Liquidating Assets,DABUR: Reinvestor -> Liquidating Assets (2018 to 2019)
DABUR,2019,2020,Liquidating Assets,Shareholder Returns,DABUR: Liquidating Assets -> Shareholder Returns (2019 to 2020)
DABUR,2022,2023,Shareholder Returns,Reinvestor,DABUR: Shareholder Returns -> Reinvestor (2022 to 2023)
DABUR,2023,2024,Reinvestor,Shareholder Returns,DABUR: Reinvestor -> Shareholder Returns (2023 to 2024)
DABUR,2024,nan,Shareholder Returns,Unknown,DABUR: Shareholder Returns -> Unknown (2024 to nan)
DIVISLAB,2012,2013,Unknown,Reinvestor,DIVISLAB: Unknown -> Reinvestor (2012 to 2013)
DIVISLAB,2016,2017,Reinvestor,Mixed,DIVISLAB: Reinvestor -> Mixed (2016 to 2017)
DIVISLAB,2017,2018,Mixed,Reinvestor,DIVISLAB: Mixed -> Reinvestor (2017 to 2018)
DIVISLAB,2020,2021,Reinvestor,Liquidating Assets,DIVISLAB: Reinvestor -> Liquidating Assets (2020 to 2021)
DIVISLAB,2021,2022,Liquidating Assets,Reinvestor,DIVISLAB: Liquidating Assets -> Reinvestor (2021 to 2022)
DIVISLAB,2022,2023,Reinvestor,Shareholder Returns,DIVISLAB: Reinvestor -> Shareholder Returns (2022 to 2023)
DIVISLAB,2023,2024,Shareholder Returns,Reinvestor,DIVISLAB: Shareholder Returns -> Reinvestor (2023 to 2024)
DIVISLAB,2024,nan,Reinvestor,Unknown,DIVISLAB: Reinvestor -> Unknown (2024 to nan)
DLF,2012,2013,Unknown,Liquidating Assets,DLF: Unknown -> Liquidating Assets (2012 to 2013)
DLF,2015,2016,Liquidating Assets,Shareholder Returns,DLF: Liquidating Assets -> Shareholder Returns (2015 to 2016)
DLF,2016,2017,Shareholder Returns,Distress Signal,DLF: Shareholder Returns -> Distress Signal (2016 to 2017)
DLF,2017,2018,Distress Signal,Reinvestor,DLF: Distress Signal -> Reinvestor (2017 to 2018)
DLF,2018,2019,Reinvestor,Cash Accumulator,DLF: Reinvestor -> Cash Accumulator (2018 to 2019)
DLF,2019,2020,Cash Accumulator,Liquidating Assets,DLF: Cash Accumulator -> Liquidating Assets (2019 to 2020)
DLF,2022,2023,Liquidating Assets,Shareholder Returns,DLF: Liquidating Assets -> Shareholder Returns (2022 to 2023)
DLF,2023,2024,Shareholder Returns,Mixed,DLF: Shareholder Returns -> Mixed (2023 to 2024)
DLF,2024,nan,Mixed,Unknown,DLF: Mixed -> Unknown (2024 to nan)
DMART,2012,2013,Unknown,Mixed,DMART: Unknown -> Mixed (2012 to 2013)
DMART,2017,2018,Mixed,Liquidating Assets,DMART: Mixed -> Liquidating Assets (2017 to 2018)
DMART,2018,2019,Liquidating Assets,Mixed,DMART: Liquidating Assets -> Mixed (2018 to 2019)
DMART,2020,2021,Mixed,Shareholder Returns,DMART: Mixed -> Shareholder Returns (2020 to 2021)
DMART,2021,2022,Shareholder Returns,Reinvestor,DMART: Shareholder Returns -> Reinvestor (2021 to 2022)
DMART,2022,2023,Reinvestor,Shareholder Returns,DMART: Reinvestor -> Shareholder Returns (2022 to 2023)
DMART,2024,nan,Shareholder Returns,Unknown,DMART: Shareholder Returns -> Unknown (2024 to nan)
DRREDDY,2012,2013,Unknown,Reinvestor,DRREDDY: Unknown -> Reinvestor (2012 to 2013)
DRREDDY,2013,2014,Reinvestor,Shareholder Returns,DRREDDY: Reinvestor -> Shareholder Returns (2013 to 2014)
DRREDDY,2023,2024,Shareholder Returns,Reinvestor,DRREDDY: Shareholder Returns -> Reinvestor (2023 to 2024)
DRREDDY,2024,nan,Reinvestor,Unknown,DRREDDY: Reinvestor -> Unknown (2024 to nan)
EICHERMOT,2011,2012,Unknown,Shareholder Returns,EICHERMOT: Unknown -> Shareholder Returns (2011 to 2012)
EICHERMOT,2014,2015,Shareholder Returns,Unknown,EICHERMOT: Shareholder Returns -> Unknown (2014 to 2015)
EICHERMOT,2015,2016,Unknown,Shareholder Returns,EICHERMOT: Unknown -> Shareholder Returns (2015 to 2016)
EICHERMOT,2016,2017,Shareholder Returns,Mixed,EICHERMOT: Shareholder Returns -> Mixed (2016 to 2017)
EICHERMOT,2017,2018,Mixed,Shareholder Returns,EICHERMOT: Mixed -> Shareholder Returns (2017 to 2018)
EICHERMOT,2018,2019,Shareholder Returns,Reinvestor,EICHERMOT: Shareholder Returns -> Reinvestor (2018 to 2019)
EICHERMOT,2020,2021,Reinvestor,Shareholder Returns,EICHERMOT: Reinvestor -> Shareholder Returns (2020 to 2021)
EICHERMOT,2021,2022,Shareholder Returns,Reinvestor,EICHERMOT: Shareholder Returns -> Reinvestor (2021 to 2022)
EICHERMOT,2024,nan,Reinvestor,Unknown,EICHERMOT: Reinvestor -> Unknown (2024 to nan)
GAIL,2012,2013,Unknown,Mixed,GAIL: Unknown -> Mixed (2012 to 2013)
GAIL,2013,2014,Mixed,Reinvestor,GAIL: Mixed -> Reinvestor (2013 to 2014)
GAIL,2014,2015,Reinvestor,Shareholder Returns,GAIL: Reinvestor -> Shareholder Returns (2014 to 2015)
GAIL,2019,2020,Shareholder Returns,Mixed,GAIL: Shareholder Returns -> Mixed (2019 to 2020)
GAIL,2020,2021,Mixed,Shareholder Returns,GAIL: Mixed -> Shareholder Returns (2020 to 2021)
GAIL,2021,2022,Shareholder Returns,Reinvestor,GAIL: Shareholder Returns -> Reinvestor (2021 to 2022)
GAIL,2022,2023,Reinvestor,Mixed,GAIL: Reinvestor -> Mixed (2022 to 2023)
GAIL,2023,2024,Mixed,Shareholder Returns,GAIL: Mixed -> Shareholder Returns (2023 to 2024)
GAIL,2024,nan,Shareholder Returns,Unknown,GAIL: Shareholder Returns -> Unknown (2024 to nan)
GODREJCP,2012,2013,Unknown,Mixed,GODREJCP: Unknown -> Mixed (2012 to 2013)
GODREJCP,2013,2014,Mixed,Shareholder Returns,GODREJCP: Mixed -> Shareholder Returns (2013 to 2014)
GODREJCP,2016,2017,Shareholder Returns,Mixed,GODREJCP: Shareholder Returns -> Mixed (2016 to 2017)
GODREJCP,2017,2018,Mixed,Shareholder Returns,GODREJCP: Mixed -> Shareholder Returns (2017 to 2018)
GODREJCP,2018,2019,Shareholder Returns,Liquidating Assets,GODREJCP: Shareholder Returns -> Liquidating Assets (2018 to 2019)
GODREJCP,2019,2020,Liquidating Assets,Shareholder Returns,GODREJCP: Liquidating Assets -> Shareholder Returns (2019 to 2020)
GODREJCP,2021,2022,Shareholder Returns,Reinvestor,GODREJCP: Shareholder Returns -> Reinvestor (2021 to 2022)
GODREJCP,2022,2023,Reinvestor,Shareholder Returns,GODREJCP: Reinvestor -> Shareholder Returns (2022 to 2023)
GODREJCP,2023,2024,Shareholder Returns,Mixed,GODREJCP: Shareholder Returns -> Mixed (2023 to 2024)
GODREJCP,2024,nan,Mixed,Unknown,GODREJCP: Mixed -> Unknown (2024 to nan)
GRASIM,2012,2013,Unknown,Mixed,GRASIM: Unknown -> Mixed (2012 to 2013)
GRASIM,2013,2014,Mixed,Shareholder Returns,GRASIM: Mixed -> Shareholder Returns (2013 to 2014)
GRASIM,2017,2018,Shareholder Returns,Distress Signal,GRASIM: Shareholder Returns -> Distress Signal (2017 to 2018)
GRASIM,2018,2019,Distress Signal,Growth Funded by Debt,GRASIM: Distress Signal -> Growth Funded by Debt (2018 to 2019)
GRASIM,2019,2020,Growth Funded by Debt,Shareholder Returns,GRASIM: Growth Funded by Debt -> Shareholder Returns (2019 to 2020)
GRASIM,2021,2022,Shareholder Returns,Reinvestor,GRASIM: Shareholder Returns -> Reinvestor (2021 to 2022)
GRASIM,2022,2023,Reinvestor,Growth Funded by Debt,GRASIM: Reinvestor -> Growth Funded by Debt (2022 to 2023)
GRASIM,2024,nan,Growth Funded by Debt,Unknown,GRASIM: Growth Funded by Debt -> Unknown (2024 to nan)
HAL,2018,2019,Unknown,Distress Signal,HAL: Unknown -> Distress Signal (2018 to 2019)
HAL,2019,2020,Distress Signal,Mixed,HAL: Distress Signal -> Mixed (2019 to 2020)
HAL,2020,2021,Mixed,Shareholder Returns,HAL: Mixed -> Shareholder Returns (2020 to 2021)
HAL,2024,nan,Shareholder Returns,Unknown,HAL: Shareholder Returns -> Unknown (2024 to nan)
HAVELLS,2012,2013,Unknown,Shareholder Returns,HAVELLS: Unknown -> Shareholder Returns (2012 to 2013)
HAVELLS,2015,2016,Shareholder Returns,Reinvestor,HAVELLS: Shareholder Returns -> Reinvestor (2015 to 2016)
HAVELLS,2016,2017,Reinvestor,Shareholder Returns,HAVELLS: Reinvestor -> Shareholder Returns (2016 to 2017)
HAVELLS,2018,2019,Shareholder Returns,Liquidating Assets,HAVELLS: Shareholder Returns -> Liquidating Assets (2018 to 2019)
HAVELLS,2019,2020,Liquidating Assets,Shareholder Returns,HAVELLS: Liquidating Assets -> Shareholder Returns (2019 to 2020)
HAVELLS,2020,2021,Shareholder Returns,Mixed,HAVELLS: Shareholder Returns -> Mixed (2020 to 2021)
HAVELLS,2021,2022,Mixed,Shareholder Returns,HAVELLS: Mixed -> Shareholder Returns (2021 to 2022)
HAVELLS,2022,2023,Shareholder Returns,Liquidating Assets,HAVELLS: Shareholder Returns -> Liquidating Assets (2022 to 2023)
HAVELLS,2023,2024,Liquidating Assets,Shareholder Returns,HAVELLS: Liquidating Assets -> Shareholder Returns (2023 to 2024)
HAVELLS,2024,nan,Shareholder Returns,Unknown,HAVELLS: Shareholder Returns -> Unknown (2024 to nan)
HCLTECH,2012,2013,Unknown,Shareholder Returns,HCLTECH: Unknown -> Shareholder Returns (2012 to 2013)
HCLTECH,2013,2014,Shareholder Returns,Reinvestor,HCLTECH: Shareholder Returns -> Reinvestor (2013 to 2014)
HCLTECH,2016,2017,Reinvestor,Shareholder Returns,HCLTECH: Reinvestor -> Shareholder Returns (2016 to 2017)
HCLTECH,2017,2018,Shareholder Returns,Reinvestor,HCLTECH: Shareholder Returns -> Reinvestor (2017 to 2018)
HCLTECH,2019,2020,Reinvestor,Shareholder Returns,HCLTECH: Reinvestor -> Shareholder Returns (2019 to 2020)
HCLTECH,2021,2022,Shareholder Returns,Liquidating Assets,HCLTECH: Shareholder Returns -> Liquidating Assets (2021 to 2022)
HCLTECH,2022,2023,Liquidating Assets,Shareholder Returns,HCLTECH: Liquidating Assets -> Shareholder Returns (2022 to 2023)
HCLTECH,2024,nan,Shareholder Returns,Unknown,HCLTECH: Shareholder Returns -> Unknown (2024 to nan)
HDFCBANK,2012,2013,Unknown,Growth Funded by Debt,HDFCBANK: Unknown -> Growth Funded by Debt (2012 to 2013)
HDFCBANK,2013,2014,Growth Funded by Debt,Mixed,HDFCBANK: Growth Funded by Debt -> Mixed (2013 to 2014)
HDFCBANK,2014,2015,Mixed,Growth Funded by Debt,HDFCBANK: Mixed -> Growth Funded by Debt (2014 to 2015)
HDFCBANK,2016,2017,Growth Funded by Debt,Shareholder Returns,HDFCBANK: Growth Funded by Debt -> Shareholder Returns (2016 to 2017)
HDFCBANK,2017,2018,Shareholder Returns,Mixed,HDFCBANK: Shareholder Returns -> Mixed (2017 to 2018)
HDFCBANK,2018,2019,Mixed,Growth Funded by Debt,HDFCBANK: Mixed -> Growth Funded by Debt (2018 to 2019)
HDFCBANK,2020,2021,Growth Funded by Debt,Shareholder Returns,HDFCBANK: Growth Funded by Debt -> Shareholder Returns (2020 to 2021)
HDFCBANK,2021,2022,Shareholder Returns,Growth Funded by Debt,HDFCBANK: Shareholder Returns -> Growth Funded by Debt (2021 to 2022)
HDFCBANK,2022,2023,Growth Funded by Debt,Mixed,HDFCBANK: Growth Funded by Debt -> Mixed (2022 to 2023)
HDFCBANK,2023,2024,Mixed,Liquidating Assets,HDFCBANK: Mixed -> Liquidating Assets (2023 to 2024)
HDFCBANK,2024,nan,Liquidating Assets,Unknown,HDFCBANK: Liquidating Assets -> Unknown (2024 to nan)
HDFCLIFE,2012,2013,Unknown,Pre-Revenue,HDFCLIFE: Unknown -> Pre-Revenue (2012 to 2013)
HDFCLIFE,2014,2015,Pre-Revenue,Shareholder Returns,HDFCLIFE: Pre-Revenue -> Shareholder Returns (2014 to 2015)
HDFCLIFE,2019,2020,Shareholder Returns,Mixed,HDFCLIFE: Shareholder Returns -> Mixed (2019 to 2020)
HDFCLIFE,2021,2022,Mixed,Shareholder Returns,HDFCLIFE: Mixed -> Shareholder Returns (2021 to 2022)
HDFCLIFE,2022,2023,Shareholder Returns,Mixed,HDFCLIFE: Shareholder Returns -> Mixed (2022 to 2023)
HDFCLIFE,2023,2024,Mixed,Shareholder Returns,HDFCLIFE: Mixed -> Shareholder Returns (2023 to 2024)
HDFCLIFE,2024,nan,Shareholder Returns,Unknown,HDFCLIFE: Shareholder Returns -> Unknown (2024 to nan)
HEROMOTOCO,2013,2014,Unknown,Shareholder Returns,HEROMOTOCO: Unknown -> Shareholder Returns (2013 to 2014)
HEROMOTOCO,2014,2015,Shareholder Returns,Liquidating Assets,HEROMOTOCO: Shareholder Returns -> Liquidating Assets (2014 to 2015)
HEROMOTOCO,2015,2016,Liquidating Assets,Shareholder Returns,HEROMOTOCO: Liquidating Assets -> Shareholder Returns (2015 to 2016)
HEROMOTOCO,2018,2019,Shareholder Returns,Liquidating Assets,HEROMOTOCO: Shareholder Returns -> Liquidating Assets (2018 to 2019)
HEROMOTOCO,2019,2020,Liquidating Assets,Shareholder Returns,HEROMOTOCO: Liquidating Assets -> Shareholder Returns (2019 to 2020)
HEROMOTOCO,2021,2022,Shareholder Returns,Reinvestor,HEROMOTOCO: Shareholder Returns -> Reinvestor (2021 to 2022)
HEROMOTOCO,2023,2024,Reinvestor,Shareholder Returns,HEROMOTOCO: Reinvestor -> Shareholder Returns (2023 to 2024)
HEROMOTOCO,2024,nan,Shareholder Returns,Unknown,HEROMOTOCO: Shareholder Returns -> Unknown (2024 to nan)
HINDALCO,2012,2013,Unknown,Mixed,HINDALCO: Unknown -> Mixed (2012 to 2013)
HINDALCO,2014,2015,Mixed,Shareholder Returns,HINDALCO: Mixed -> Shareholder Returns (2014 to 2015)
HINDALCO,2015,2016,Shareholder Returns,Reinvestor,HINDALCO: Shareholder Returns -> Reinvestor (2015 to 2016)
HINDALCO,2016,2017,Reinvestor,Shareholder Returns,HINDALCO: Reinvestor -> Shareholder Returns (2016 to 2017)
HINDALCO,2017,2018,Shareholder Returns,Liquidating Assets,HINDALCO: Shareholder Returns -> Liquidating Assets (2017 to 2018)
HINDALCO,2018,2019,Liquidating Assets,Shareholder Returns,HINDALCO: Liquidating Assets -> Shareholder Returns (2018 to 2019)
HINDALCO,2019,2020,Shareholder Returns,Mixed,HINDALCO: Shareholder Returns -> Mixed (2019 to 2020)
HINDALCO,2020,2021,Mixed,Shareholder Returns,HINDALCO: Mixed -> Shareholder Returns (2020 to 2021)
HINDALCO,2024,nan,Shareholder Returns,Unknown,HINDALCO: Shareholder Returns -> Unknown (2024 to nan)
HINDUNILVR,2012,2013,Unknown,Liquidating Assets,HINDUNILVR: Unknown -> Liquidating Assets (2012 to 2013)
HINDUNILVR,2013,2014,Liquidating Assets,Reinvestor,HINDUNILVR: Liquidating Assets -> Reinvestor (2013 to 2014)
HINDUNILVR,2014,2015,Reinvestor,Liquidating Assets,HINDUNILVR: Reinvestor -> Liquidating Assets (2014 to 2015)
HINDUNILVR,2015,2016,Liquidating Assets,Shareholder Returns,HINDUNILVR: Liquidating Assets -> Shareholder Returns (2015 to 2016)
HINDUNILVR,2018,2019,Shareholder Returns,Reinvestor,HINDUNILVR: Shareholder Returns -> Reinvestor (2018 to 2019)
HINDUNILVR,2019,2020,Reinvestor,Liquidating Assets,HINDUNILVR: Reinvestor -> Liquidating Assets (2019 to 2020)
HINDUNILVR,2020,2021,Liquidating Assets,Shareholder Returns,HINDUNILVR: Liquidating Assets -> Shareholder Returns (2020 to 2021)
HINDUNILVR,2022,2023,Shareholder Returns,Reinvestor,HINDUNILVR: Shareholder Returns -> Reinvestor (2022 to 2023)
HINDUNILVR,2023,2024,Reinvestor,Shareholder Returns,HINDUNILVR: Reinvestor -> Shareholder Returns (2023 to 2024)
HINDUNILVR,2024,nan,Shareholder Returns,Unknown,HINDUNILVR: Shareholder Returns -> Unknown (2024 to nan)
ICICIBANK,2012,2013,Unknown,Mixed,ICICIBANK: Unknown -> Mixed (2012 to 2013)
ICICIBANK,2014,2015,Mixed,Growth Funded by Debt,ICICIBANK: Mixed -> Growth Funded by Debt (2014 to 2015)
ICICIBANK,2015,2016,Growth Funded by Debt,Mixed,ICICIBANK: Growth Funded by Debt -> Mixed (2015 to 2016)
ICICIBANK,2016,2017,Mixed,Shareholder Returns,ICICIBANK: Mixed -> Shareholder Returns (2016 to 2017)
ICICIBANK,2017,2018,Shareholder Returns,Mixed,ICICIBANK: Shareholder Returns -> Mixed (2017 to 2018)
ICICIBANK,2018,2019,Mixed,Shareholder Returns,ICICIBANK: Mixed -> Shareholder Returns (2018 to 2019)
ICICIBANK,2019,2020,Shareholder Returns,Mixed,ICICIBANK: Shareholder Returns -> Mixed (2019 to 2020)
ICICIBANK,2020,2021,Mixed,Shareholder Returns,ICICIBANK: Mixed -> Shareholder Returns (2020 to 2021)
ICICIBANK,2021,2022,Shareholder Returns,Mixed,ICICIBANK: Shareholder Returns -> Mixed (2021 to 2022)
ICICIBANK,2022,2023,Mixed,Growth Funded by Debt,ICICIBANK: Mixed -> Growth Funded by Debt (2022 to 2023)
ICICIBANK,2023,2024,Growth Funded by Debt,Mixed,ICICIBANK: Growth Funded by Debt -> Mixed (2023 to 2024)
ICICIBANK,2024,nan,Mixed,Unknown,ICICIBANK: Mixed -> Unknown (2024 to nan)
ICICIGI,2012,2013,Unknown,Mixed,ICICIGI: Unknown -> Mixed (2012 to 2013)
ICICIGI,2014,2015,Mixed,Unknown,ICICIGI: Mixed -> Unknown (2014 to 2015)
ICICIGI,2015,2016,Unknown,Shareholder Returns,ICICIGI: Unknown -> Shareholder Returns (2015 to 2016)
ICICIGI,2016,2017,Shareholder Returns,Mixed,ICICIGI: Shareholder Returns -> Mixed (2016 to 2017)
ICICIGI,2017,2018,Mixed,Shareholder Returns,ICICIGI: Mixed -> Shareholder Returns (2017 to 2018)
ICICIGI,2021,2022,Shareholder Returns,Liquidating Assets,ICICIGI: Shareholder Returns -> Liquidating Assets (2021 to 2022)
ICICIGI,2022,2023,Liquidating Assets,Shareholder Returns,ICICIGI: Liquidating Assets -> Shareholder Returns (2022 to 2023)
ICICIGI,2024,nan,Shareholder Returns,Unknown,ICICIGI: Shareholder Returns -> Unknown (2024 to nan)
ICICIPRULI,2014,2015,Unknown,Reinvestor,ICICIPRULI: Unknown -> Reinvestor (2014 to 2015)
ICICIPRULI,2015,2016,Reinvestor,Liquidating Assets,ICICIPRULI: Reinvestor -> Liquidating Assets (2015 to 2016)
ICICIPRULI,2016,2017,Liquidating Assets,Shareholder Returns,ICICIPRULI: Liquidating Assets -> Shareholder Returns (2016 to 2017)
ICICIPRULI,2020,2021,Shareholder Returns,Mixed,ICICIPRULI: Shareholder Returns -> Mixed (2020 to 2021)
ICICIPRULI,2021,2022,Mixed,Shareholder Returns,ICICIPRULI: Mixed -> Shareholder Returns (2021 to 2022)
ICICIPRULI,2022,2023,Shareholder Returns,Reinvestor,ICICIPRULI: Shareholder Returns -> Reinvestor (2022 to 2023)
ICICIPRULI,2023,2024,Reinvestor,Unknown,ICICIPRULI: Reinvestor -> Unknown (2023 to 2024)
INDIGO,2012,2013,Unknown,Mixed,INDIGO: Unknown -> Mixed (2012 to 2013)
INDIGO,2014,2015,Mixed,Shareholder Returns,INDIGO: Mixed -> Shareholder Returns (2014 to 2015)
INDIGO,2017,2018,Shareholder Returns,Mixed,INDIGO: Shareholder Returns -> Mixed (2017 to 2018)
INDIGO,2018,2019,Mixed,Shareholder Returns,INDIGO: Mixed -> Shareholder Returns (2018 to 2019)
INDIGO,2019,2020,Shareholder Returns,Reinvestor,INDIGO: Shareholder Returns -> Reinvestor (2019 to 2020)
INDIGO,2020,2021,Reinvestor,Unknown,INDIGO: Reinvestor -> Unknown (2020 to 2021)
INDIGO,2021,2022,Unknown,Liquidating Assets,INDIGO: Unknown -> Liquidating Assets (2021 to 2022)
INDIGO,2022,2023,Liquidating Assets,Reinvestor,INDIGO: Liquidating Assets -> Reinvestor (2022 to 2023)
INDIGO,2023,2024,Reinvestor,Shareholder Returns,INDIGO: Reinvestor -> Shareholder Returns (2023 to 2024)
INDIGO,2024,nan,Shareholder Returns,Unknown,INDIGO: Shareholder Returns -> Unknown (2024 to nan)
INDUSINDBK,2012,2013,Unknown,Growth Funded by Debt,INDUSINDBK: Unknown -> Growth Funded by Debt (2012 to 2013)
INDUSINDBK,2016,2017,Growth Funded by Debt,Shareholder Returns,INDUSINDBK: Growth Funded by Debt -> Shareholder Returns (2016 to 2017)
INDUSINDBK,2017,2018,Shareholder Returns,Growth Funded by Debt,INDUSINDBK: Shareholder Returns -> Growth Funded by Debt (2017 to 2018)
INDUSINDBK,2019,2020,Growth Funded by Debt,Distress Signal,INDUSINDBK: Growth Funded by Debt -> Distress Signal (2019 to 2020)
INDUSINDBK,2020,2021,Distress Signal,Shareholder Returns,INDUSINDBK: Distress Signal -> Shareholder Returns (2020 to 2021)
INDUSINDBK,2022,2023,Shareholder Returns,Growth Funded by Debt,INDUSINDBK: Shareholder Returns -> Growth Funded by Debt (2022 to 2023)
INDUSINDBK,2023,2024,Growth Funded by Debt,Pre-Revenue,INDUSINDBK: Growth Funded by Debt -> Pre-Revenue (2023 to 2024)
INDUSINDBK,2024,nan,Pre-Revenue,Unknown,INDUSINDBK: Pre-Revenue -> Unknown (2024 to nan)
INFY,2012,2013,Unknown,Reinvestor,INFY: Unknown -> Reinvestor (2012 to 2013)
INFY,2014,2015,Reinvestor,Liquidating Assets,INFY: Reinvestor -> Liquidating Assets (2014 to 2015)
INFY,2015,2016,Liquidating Assets,Reinvestor,INFY: Liquidating Assets -> Reinvestor (2015 to 2016)
INFY,2017,2018,Reinvestor,Liquidating Assets,INFY: Reinvestor -> Liquidating Assets (2017 to 2018)
INFY,2018,2019,Liquidating Assets,Reinvestor,INFY: Liquidating Assets -> Reinvestor (2018 to 2019)
INFY,2019,2020,Reinvestor,Shareholder Returns,INFY: Reinvestor -> Shareholder Returns (2019 to 2020)
INFY,2022,2023,Shareholder Returns,Reinvestor,INFY: Shareholder Returns -> Reinvestor (2022 to 2023)
INFY,2024,nan,Reinvestor,Unknown,INFY: Reinvestor -> Unknown (2024 to nan)
IOC,2012,2013,Unknown,Mixed,IOC: Unknown -> Mixed (2012 to 2013)
IOC,2013,2014,Mixed,Shareholder Returns,IOC: Mixed -> Shareholder Returns (2013 to 2014)
IOC,2018,2019,Shareholder Returns,Mixed,IOC: Shareholder Returns -> Mixed (2018 to 2019)
IOC,2020,2021,Mixed,Shareholder Returns,IOC: Mixed -> Shareholder Returns (2020 to 2021)
IOC,2024,nan,Shareholder Returns,Unknown,IOC: Shareholder Returns -> Unknown (2024 to nan)
IRCTC,2014,2015,Unknown,Reinvestor,IRCTC: Unknown -> Reinvestor (2014 to 2015)
IRCTC,2015,2016,Reinvestor,Liquidating Assets,IRCTC: Reinvestor -> Liquidating Assets (2015 to 2016)
IRCTC,2018,2019,Liquidating Assets,Shareholder Returns,IRCTC: Liquidating Assets -> Shareholder Returns (2018 to 2019)
IRCTC,2019,2020,Shareholder Returns,Liquidating Assets,IRCTC: Shareholder Returns -> Liquidating Assets (2019 to 2020)
IRCTC,2020,2021,Liquidating Assets,Shareholder Returns,IRCTC: Liquidating Assets -> Shareholder Returns (2020 to 2021)
IRCTC,2021,2022,Shareholder Returns,Reinvestor,IRCTC: Shareholder Returns -> Reinvestor (2021 to 2022)
IRCTC,2024,nan,Reinvestor,Unknown,IRCTC: Reinvestor -> Unknown (2024 to nan)
IRFC,2015,2016,Unknown,Distress Signal,IRFC: Unknown -> Distress Signal (2015 to 2016)
IRFC,2021,2022,Distress Signal,Growth Funded by Debt,IRFC: Distress Signal -> Growth Funded by Debt (2021 to 2022)
IRFC,2022,2023,Growth Funded by Debt,Distress Signal,IRFC: Growth Funded by Debt -> Distress Signal (2022 to 2023)
IRFC,2023,2024,Distress Signal,Shareholder Returns,IRFC: Distress Signal -> Shareholder Returns (2023 to 2024)
IRFC,2024,nan,Shareholder Returns,Unknown,IRFC: Shareholder Returns -> Unknown (2024 to nan)
ITC,2012,2013,Unknown,Reinvestor,ITC: Unknown -> Reinvestor (2012 to 2013)
ITC,2014,2015,Reinvestor,Shareholder Returns,ITC: Reinvestor -> Shareholder Returns (2014 to 2015)
ITC,2018,2019,Shareholder Returns,Reinvestor,ITC: Shareholder Returns -> Reinvestor (2018 to 2019)
ITC,2020,2021,Reinvestor,Liquidating Assets,ITC: Reinvestor -> Liquidating Assets (2020 to 2021)
ITC,2021,2022,Liquidating Assets,Shareholder Returns,ITC: Liquidating Assets -> Shareholder Returns (2021 to 2022)
ITC,2022,2023,Shareholder Returns,Reinvestor,ITC: Shareholder Returns -> Reinvestor (2022 to 2023)
ITC,2023,2024,Reinvestor,Liquidating Assets,ITC: Reinvestor -> Liquidating Assets (2023 to 2024)
ITC,2024,nan,Liquidating Assets,Unknown,ITC: Liquidating Assets -> Unknown (2024 to nan)
JINDALSTEL,2012,2013,Unknown,Mixed,JINDALSTEL: Unknown -> Mixed (2012 to 2013)
JINDALSTEL,2015,2016,Mixed,Reinvestor,JINDALSTEL: Mixed -> Reinvestor (2015 to 2016)
JINDALSTEL,2020,2021,Reinvestor,Shareholder Returns,JINDALSTEL: Reinvestor -> Shareholder Returns (2020 to 2021)
JINDALSTEL,2023,2024,Shareholder Returns,Mixed,JINDALSTEL: Shareholder Returns -> Mixed (2023 to 2024)
JINDALSTEL,2024,nan,Mixed,Unknown,JINDALSTEL: Mixed -> Unknown (2024 to nan)
JIOFIN,2022,2023,Unknown,Shareholder Returns,JIOFIN: Unknown -> Shareholder Returns (2022 to 2023)
JIOFIN,2023,2024,Shareholder Returns,Unknown,JIOFIN: Shareholder Returns -> Unknown (2023 to 2024)
JSWENERGY,2012,2013,Unknown,Shareholder Returns,JSWENERGY: Unknown -> Shareholder Returns (2012 to 2013)
JSWENERGY,2019,2020,Shareholder Returns,Liquidating Assets,JSWENERGY: Shareholder Returns -> Liquidating Assets (2019 to 2020)
JSWENERGY,2020,2021,Liquidating Assets,Shareholder Returns,JSWENERGY: Liquidating Assets -> Shareholder Returns (2020 to 2021)
JSWENERGY,2022,2023,Shareholder Returns,Mixed,JSWENERGY: Shareholder Returns -> Mixed (2022 to 2023)
JSWENERGY,2024,nan,Mixed,Unknown,JSWENERGY: Mixed -> Unknown (2024 to nan)
JSWSTEEL,2012,2013,Unknown,Shareholder Returns,JSWSTEEL: Unknown -> Shareholder Returns (2012 to 2013)
JSWSTEEL,2013,2014,Shareholder Returns,Mixed,JSWSTEEL: Shareholder Returns -> Mixed (2013 to 2014)
JSWSTEEL,2014,2015,Mixed,Shareholder Returns,JSWSTEEL: Mixed -> Shareholder Returns (2014 to 2015)
JSWSTEEL,2015,2016,Shareholder Returns,Reinvestor,JSWSTEEL: Shareholder Returns -> Reinvestor (2015 to 2016)
JSWSTEEL,2016,2017,Reinvestor,Shareholder Returns,JSWSTEEL: Reinvestor -> Shareholder Returns (2016 to 2017)
JSWSTEEL,2018,2019,Shareholder Returns,Mixed,JSWSTEEL: Shareholder Returns -> Mixed (2018 to 2019)
JSWSTEEL,2020,2021,Mixed,Shareholder Returns,JSWSTEEL: Mixed -> Shareholder Returns (2020 to 2021)
JSWSTEEL,2024,nan,Shareholder Returns,Unknown,JSWSTEEL: Shareholder Returns -> Unknown (2024 to nan)
KOTAKBANK,2012,2013,Unknown,Mixed,KOTAKBANK: Unknown -> Mixed (2012 to 2013)
KOTAKBANK,2013,2014,Mixed,Shareholder Returns,KOTAKBANK: Mixed -> Shareholder Returns (2013 to 2014)
KOTAKBANK,2014,2015,Shareholder Returns,Mixed,KOTAKBANK: Shareholder Returns -> Mixed (2014 to 2015)
KOTAKBANK,2017,2018,Mixed,Growth Funded by Debt,KOTAKBANK: Mixed -> Growth Funded by Debt (2017 to 2018)
KOTAKBANK,2018,2019,Growth Funded by Debt,Mixed,KOTAKBANK: Growth Funded by Debt -> Mixed (2018 to 2019)
KOTAKBANK,2019,2020,Mixed,Shareholder Returns,KOTAKBANK: Mixed -> Shareholder Returns (2019 to 2020)
KOTAKBANK,2020,2021,Shareholder Returns,Reinvestor,KOTAKBANK: Shareholder Returns -> Reinvestor (2020 to 2021)
KOTAKBANK,2021,2022,Reinvestor,Mixed,KOTAKBANK: Reinvestor -> Mixed (2021 to 2022)
KOTAKBANK,2022,2023,Mixed,Growth Funded by Debt,KOTAKBANK: Mixed -> Growth Funded by Debt (2022 to 2023)
KOTAKBANK,2023,2024,Growth Funded by Debt,Mixed,KOTAKBANK: Growth Funded by Debt -> Mixed (2023 to 2024)
KOTAKBANK,2024,nan,Mixed,Unknown,KOTAKBANK: Mixed -> Unknown (2024 to nan)
LICI,2018,2019,Unknown,Liquidating Assets,LICI: Unknown -> Liquidating Assets (2018 to 2019)
LICI,2019,2020,Liquidating Assets,Shareholder Returns,LICI: Liquidating Assets -> Shareholder Returns (2019 to 2020)
LICI,2020,2021,Shareholder Returns,Liquidating Assets,LICI: Shareholder Returns -> Liquidating Assets (2020 to 2021)
LICI,2021,2022,Liquidating Assets,Distress Signal,LICI: Liquidating Assets -> Distress Signal (2021 to 2022)
LICI,2022,2023,Distress Signal,Shareholder Returns,LICI: Distress Signal -> Shareholder Returns (2022 to 2023)
LICI,2023,2024,Shareholder Returns,Reinvestor,LICI: Shareholder Returns -> Reinvestor (2023 to 2024)
LICI,2024,nan,Reinvestor,Unknown,LICI: Reinvestor -> Unknown (2024 to nan)
LODHA,2015,2016,Unknown,Mixed,LODHA: Unknown -> Mixed (2015 to 2016)
LODHA,2016,2017,Mixed,Shareholder Returns,LODHA: Mixed -> Shareholder Returns (2016 to 2017)
LODHA,2017,2018,Shareholder Returns,Mixed,LODHA: Shareholder Returns -> Mixed (2017 to 2018)
LODHA,2018,2019,Mixed,Growth Funded by Debt,LODHA: Mixed -> Growth Funded by Debt (2018 to 2019)
LODHA,2019,2020,Growth Funded by Debt,Liquidating Assets,LODHA: Growth Funded by Debt -> Liquidating Assets (2019 to 2020)
LODHA,2023,2024,Liquidating Assets,Mixed,LODHA: Liquidating Assets -> Mixed (2023 to 2024)
LODHA,2024,nan,Mixed,Unknown,LODHA: Mixed -> Unknown (2024 to nan)
LT,2012,2013,Unknown,Growth Funded by Debt,LT: Unknown -> Growth Funded by Debt (2012 to 2013)
LT,2016,2017,Growth Funded by Debt,Mixed,LT: Growth Funded by Debt -> Mixed (2016 to 2017)
LT,2017,2018,Mixed,Distress Signal,LT: Mixed -> Distress Signal (2017 to 2018)
LT,2018,2019,Distress Signal,Growth Funded by Debt,LT: Distress Signal -> Growth Funded by Debt (2018 to 2019)
LT,2019,2020,Growth Funded by Debt,Mixed,LT: Growth Funded by Debt -> Mixed (2019 to 2020)
LT,2020,2021,Mixed,Shareholder Returns,LT: Mixed -> Shareholder Returns (2020 to 2021)
LT,2023,2024,Shareholder Returns,Liquidating Assets,LT: Shareholder Returns -> Liquidating Assets (2023 to 2024)
LT,2024,nan,Liquidating Assets,Unknown,LT: Liquidating Assets -> Unknown (2024 to nan)
LTIM,2012,2013,Unknown,Shareholder Returns,LTIM: Unknown -> Shareholder Returns (2012 to 2013)
LTIM,2013,2014,Shareholder Returns,Liquidating Assets,LTIM: Shareholder Returns -> Liquidating Assets (2013 to 2014)
LTIM,2014,2015,Liquidating Assets,Reinvestor,LTIM: Liquidating Assets -> Reinvestor (2014 to 2015)
LTIM,2015,2016,Reinvestor,Shareholder Returns,LTIM: Reinvestor -> Shareholder Returns (2015 to 2016)
LTIM,2017,2018,Shareholder Returns,Reinvestor,LTIM: Shareholder Returns -> Reinvestor (2017 to 2018)
LTIM,2019,2020,Reinvestor,Shareholder Returns,LTIM: Reinvestor -> Shareholder Returns (2019 to 2020)
LTIM,2021,2022,Shareholder Returns,Reinvestor,LTIM: Shareholder Returns -> Reinvestor (2021 to 2022)
LTIM,2023,2024,Reinvestor,Shareholder Returns,LTIM: Reinvestor -> Shareholder Returns (2023 to 2024)
LTIM,2024,nan,Shareholder Returns,Unknown,LTIM: Shareholder Returns -> Unknown (2024 to nan)
M&M,2012,2013,Unknown,Growth Funded by Debt,M&M: Unknown -> Growth Funded by Debt (2012 to 2013)
M&M,2014,2015,Growth Funded by Debt,Mixed,M&M: Growth Funded by Debt -> Mixed (2014 to 2015)
M&M,2018,2019,Mixed,Growth Funded by Debt,M&M: Mixed -> Growth Funded by Debt (2018 to 2019)
M&M,2020,2021,Growth Funded by Debt,Mixed,M&M: Growth Funded by Debt -> Mixed (2020 to 2021)
M&M,2021,2022,Mixed,Shareholder Returns,M&M: Mixed -> Shareholder Returns (2021 to 2022)
M&M,2022,2023,Shareholder Returns,Growth Funded by Debt,M&M: Shareholder Returns -> Growth Funded by Debt (2022 to 2023)
M&M,2024,nan,Growth Funded by Debt,Unknown,M&M: Growth Funded by Debt -> Unknown (2024 to nan)
MARUTI,2012,2013,Unknown,Shareholder Returns,MARUTI: Unknown -> Shareholder Returns (2012 to 2013)
MARUTI,2018,2019,Shareholder Returns,Reinvestor,MARUTI: Shareholder Returns -> Reinvestor (2018 to 2019)
MARUTI,2020,2021,Reinvestor,Shareholder Returns,MARUTI: Reinvestor -> Shareholder Returns (2020 to 2021)
MARUTI,2021,2022,Shareholder Returns,Reinvestor,MARUTI: Shareholder Returns -> Reinvestor (2021 to 2022)
MARUTI,2022,2023,Reinvestor,Shareholder Returns,MARUTI: Reinvestor -> Shareholder Returns (2022 to 2023)
MARUTI,2024,nan,Shareholder Returns,Unknown,MARUTI: Shareholder Returns -> Unknown (2024 to nan)
MOTHERSON,2012,2013,Unknown,Shareholder Returns,MOTHERSON: Unknown -> Shareholder Returns (2012 to 2013)
MOTHERSON,2014,2015,Shareholder Returns,Mixed,MOTHERSON: Shareholder Returns -> Mixed (2014 to 2015)
MOTHERSON,2015,2016,Mixed,Shareholder Returns,MOTHERSON: Mixed -> Shareholder Returns (2015 to 2016)
MOTHERSON,2016,2017,Shareholder Returns,Mixed,MOTHERSON: Shareholder Returns -> Mixed (2016 to 2017)
MOTHERSON,2017,2018,Mixed,Shareholder Returns,MOTHERSON: Mixed -> Shareholder Returns (2017 to 2018)
MOTHERSON,2023,2024,Shareholder Returns,Mixed,MOTHERSON: Shareholder Returns -> Mixed (2023 to 2024)
MOTHERSON,2024,nan,Mixed,Unknown,MOTHERSON: Mixed -> Unknown (2024 to nan)
NAUKRI,2012,2013,Unknown,Reinvestor,NAUKRI: Unknown -> Reinvestor (2012 to 2013)
NAUKRI,2013,2014,Reinvestor,Mixed,NAUKRI: Reinvestor -> Mixed (2013 to 2014)
NAUKRI,2015,2016,Mixed,Reinvestor,NAUKRI: Mixed -> Reinvestor (2015 to 2016)
NAUKRI,2019,2020,Reinvestor,Liquidating Assets,NAUKRI: Reinvestor -> Liquidating Assets (2019 to 2020)
NAUKRI,2020,2021,Liquidating Assets,Mixed,NAUKRI: Liquidating Assets -> Mixed (2020 to 2021)
NAUKRI,2024,nan,Mixed,Unknown,NAUKRI: Mixed -> Unknown (2024 to nan)
NESTLEIND,2012,2013,Unknown,Shareholder Returns,NESTLEIND: Unknown -> Shareholder Returns (2012 to 2013)
NESTLEIND,2018,2019,Shareholder Returns,Liquidating Assets,NESTLEIND: Shareholder Returns -> Liquidating Assets (2018 to 2019)
NESTLEIND,2019,2020,Liquidating Assets,Shareholder Returns,NESTLEIND: Liquidating Assets -> Shareholder Returns (2019 to 2020)
NESTLEIND,2024,nan,Shareholder Returns,Unknown,NESTLEIND: Shareholder Returns -> Unknown (2024 to nan)
NHPC,2012,2013,Unknown,Reinvestor,NHPC: Unknown -> Reinvestor (2012 to 2013)
NHPC,2013,2014,Reinvestor,Shareholder Returns,NHPC: Reinvestor -> Shareholder Returns (2013 to 2014)
NHPC,2019,2020,Shareholder Returns,Mixed,NHPC: Shareholder Returns -> Mixed (2019 to 2020)
NHPC,2020,2021,Mixed,Shareholder Returns,NHPC: Mixed -> Shareholder Returns (2020 to 2021)
NHPC,2024,nan,Shareholder Returns,Unknown,NHPC: Shareholder Returns -> Unknown (2024 to nan)
NTPC,2012,2013,Unknown,Mixed,NTPC: Unknown -> Mixed (2012 to 2013)
NTPC,2013,2014,Mixed,Shareholder Returns,NTPC: Mixed -> Shareholder Returns (2013 to 2014)
NTPC,2016,2017,Shareholder Returns,Mixed,NTPC: Shareholder Returns -> Mixed (2016 to 2017)
NTPC,2020,2021,Mixed,Shareholder Returns,NTPC: Mixed -> Shareholder Returns (2020 to 2021)
NTPC,2024,nan,Shareholder Returns,Unknown,NTPC: Shareholder Returns -> Unknown (2024 to nan)
ONGC,2012,2013,Unknown,Shareholder Returns,ONGC: Unknown -> Shareholder Returns (2012 to 2013)
ONGC,2013,2014,Shareholder Returns,Mixed,ONGC: Shareholder Returns -> Mixed (2013 to 2014)
ONGC,2014,2015,Mixed,Shareholder Returns,ONGC: Mixed -> Shareholder Returns (2014 to 2015)
ONGC,2017,2018,Shareholder Returns,Mixed,ONGC: Shareholder Returns -> Mixed (2017 to 2018)
ONGC,2018,2019,Mixed,Shareholder Returns,ONGC: Mixed -> Shareholder Returns (2018 to 2019)
ONGC,2024,nan,Shareholder Returns,Unknown,ONGC: Shareholder Returns -> Unknown (2024 to nan)
PFC,2012,2013,Unknown,Distress Signal,PFC: Unknown -> Distress Signal (2012 to 2013)
PFC,2014,2015,Distress Signal,Growth Funded by Debt,PFC: Distress Signal -> Growth Funded by Debt (2014 to 2015)
PFC,2016,2017,Growth Funded by Debt,Mixed,PFC: Growth Funded by Debt -> Mixed (2016 to 2017)
PFC,2017,2018,Mixed,Distress Signal,PFC: Mixed -> Distress Signal (2017 to 2018)
PFC,2018,2019,Distress Signal,Growth Funded by Debt,PFC: Distress Signal -> Growth Funded by Debt (2018 to 2019)
PFC,2020,2021,Growth Funded by Debt,Distress Signal,PFC: Growth Funded by Debt -> Distress Signal (2020 to 2021)
PFC,2021,2022,Distress Signal,Reinvestor,PFC: Distress Signal -> Reinvestor (2021 to 2022)
PFC,2022,2023,Reinvestor,Growth Funded by Debt,PFC: Reinvestor -> Growth Funded by Debt (2022 to 2023)
PFC,2024,nan,Growth Funded by Debt,Unknown,PFC: Growth Funded by Debt -> Unknown (2024 to nan)
PIDILITIND,2012,2013,Unknown,Shareholder Returns,PIDILITIND: Unknown -> Shareholder Returns (2012 to 2013)
PIDILITIND,2013,2014,Shareholder Returns,Reinvestor,PIDILITIND: Shareholder Returns -> Reinvestor (2013 to 2014)
PIDILITIND,2014,2015,Reinvestor,Shareholder Returns,PIDILITIND: Reinvestor -> Shareholder Returns (2014 to 2015)
PIDILITIND,2016,2017,Shareholder Returns,Mixed,PIDILITIND: Shareholder Returns -> Mixed (2016 to 2017)
PIDILITIND,2017,2018,Mixed,Liquidating Assets,PIDILITIND: Mixed -> Liquidating Assets (2017 to 2018)
PIDILITIND,2018,2019,Liquidating Assets,Reinvestor,PIDILITIND: Liquidating Assets -> Reinvestor (2018 to 2019)
PIDILITIND,2019,2020,Reinvestor,Liquidating Assets,PIDILITIND: Reinvestor -> Liquidating Assets (2019 to 2020)
PIDILITIND,2020,2021,Liquidating Assets,Shareholder Returns,PIDILITIND: Liquidating Assets -> Shareholder Returns (2020 to 2021)
PIDILITIND,2021,2022,Shareholder Returns,Reinvestor,PIDILITIND: Shareholder Returns -> Reinvestor (2021 to 2022)
PIDILITIND,2022,2023,Reinvestor,Shareholder Returns,PIDILITIND: Reinvestor -> Shareholder Returns (2022 to 2023)
PIDILITIND,2024,nan,Shareholder Returns,Unknown,PIDILITIND: Shareholder Returns -> Unknown (2024 to nan)
PNB,2012,2013,Unknown,Pre-Revenue,PNB: Unknown -> Pre-Revenue (2012 to 2013)
PNB,2013,2014,Pre-Revenue,Mixed,PNB: Pre-Revenue -> Mixed (2013 to 2014)
PNB,2016,2017,Mixed,Liquidating Assets,PNB: Mixed -> Liquidating Assets (2016 to 2017)
PNB,2017,2018,Liquidating Assets,Distress Signal,PNB: Liquidating Assets -> Distress Signal (2017 to 2018)
PNB,2018,2019,Distress Signal,Growth Funded by Debt,PNB: Distress Signal -> Growth Funded by Debt (2018 to 2019)
PNB,2020,2021,Growth Funded by Debt,Mixed,PNB: Growth Funded by Debt -> Mixed (2020 to 2021)
PNB,2023,2024,Mixed,Growth Funded by Debt,PNB: Mixed -> Growth Funded by Debt (2023 to 2024)
PNB,2024,nan,Growth Funded by Debt,Unknown,PNB: Growth Funded by Debt -> Unknown (2024 to nan)
POWERGRID,2012,2013,Unknown,Mixed,POWERGRID: Unknown -> Mixed (2012 to 2013)
POWERGRID,2018,2019,Mixed,Shareholder Returns,POWERGRID: Mixed -> Shareholder Returns (2018 to 2019)
POWERGRID,2021,2022,Shareholder Returns,Liquidating Assets,POWERGRID: Shareholder Returns -> Liquidating Assets (2021 to 2022)
POWERGRID,2022,2023,Liquidating Assets,Shareholder Returns,POWERGRID: Liquidating Assets -> Shareholder Returns (2022 to 2023)
POWERGRID,2024,nan,Shareholder Returns,Unknown,POWERGRID: Shareholder Returns -> Unknown (2024 to nan)
RECLTD,2012,2013,Unknown,Distress Signal,RECLTD: Unknown -> Distress Signal (2012 to 2013)
RECLTD,2015,2016,Distress Signal,Growth Funded by Debt,RECLTD: Distress Signal -> Growth Funded by Debt (2015 to 2016)
RECLTD,2016,2017,Growth Funded by Debt,Shareholder Returns,RECLTD: Growth Funded by Debt -> Shareholder Returns (2016 to 2017)
RECLTD,2017,2018,Shareholder Returns,Distress Signal,RECLTD: Shareholder Returns -> Distress Signal (2017 to 2018)
RECLTD,2021,2022,Distress Signal,Growth Funded by Debt,RECLTD: Distress Signal -> Growth Funded by Debt (2021 to 2022)
RECLTD,2024,nan,Growth Funded by Debt,Unknown,RECLTD: Growth Funded by Debt -> Unknown (2024 to nan)
RELIANCE,2012,2013,Unknown,Mixed,RELIANCE: Unknown -> Mixed (2012 to 2013)
RELIANCE,2015,2016,Mixed,Shareholder Returns,RELIANCE: Mixed -> Shareholder Returns (2015 to 2016)
RELIANCE,2016,2017,Shareholder Returns,Mixed,RELIANCE: Shareholder Returns -> Mixed (2016 to 2017)
RELIANCE,2017,2018,Mixed,Shareholder Returns,RELIANCE: Mixed -> Shareholder Returns (2017 to 2018)
RELIANCE,2018,2019,Shareholder Returns,Mixed,RELIANCE: Shareholder Returns -> Mixed (2018 to 2019)
RELIANCE,2019,2020,Mixed,Shareholder Returns,RELIANCE: Mixed -> Shareholder Returns (2019 to 2020)
RELIANCE,2020,2021,Shareholder Returns,Mixed,RELIANCE: Shareholder Returns -> Mixed (2020 to 2021)
RELIANCE,2023,2024,Mixed,Shareholder Returns,RELIANCE: Mixed -> Shareholder Returns (2023 to 2024)
RELIANCE,2024,nan,Shareholder Returns,Unknown,RELIANCE: Shareholder Returns -> Unknown (2024 to nan)
SBILIFE,2012,2013,Unknown,Shareholder Returns,SBILIFE: Unknown -> Shareholder Returns (2012 to 2013)
SBILIFE,2013,2014,Shareholder Returns,Reinvestor,SBILIFE: Shareholder Returns -> Reinvestor (2013 to 2014)
SBILIFE,2014,2015,Reinvestor,Shareholder Returns,SBILIFE: Reinvestor -> Shareholder Returns (2014 to 2015)
SBILIFE,2020,2021,Shareholder Returns,Mixed,SBILIFE: Shareholder Returns -> Mixed (2020 to 2021)
SBILIFE,2021,2022,Mixed,Shareholder Returns,SBILIFE: Mixed -> Shareholder Returns (2021 to 2022)
SBILIFE,2024,nan,Shareholder Returns,Unknown,SBILIFE: Shareholder Returns -> Unknown (2024 to nan)
SBIN,2012,2013,Unknown,Shareholder Returns,SBIN: Unknown -> Shareholder Returns (2012 to 2013)
SBIN,2013,2014,Shareholder Returns,Mixed,SBIN: Shareholder Returns -> Mixed (2013 to 2014)
SBIN,2014,2015,Mixed,Shareholder Returns,SBIN: Mixed -> Shareholder Returns (2014 to 2015)
SBIN,2015,2016,Shareholder Returns,Mixed,SBIN: Shareholder Returns -> Mixed (2015 to 2016)
SBIN,2016,2017,Mixed,Reinvestor,SBIN: Mixed -> Reinvestor (2016 to 2017)
SBIN,2017,2018,Reinvestor,Distress Signal,SBIN: Reinvestor -> Distress Signal (2017 to 2018)
SBIN,2018,2019,Distress Signal,Cash Accumulator,SBIN: Distress Signal -> Cash Accumulator (2018 to 2019)
SBIN,2019,2020,Cash Accumulator,Mixed,SBIN: Cash Accumulator -> Mixed (2019 to 2020)
SBIN,2021,2022,Mixed,Shareholder Returns,SBIN: Mixed -> Shareholder Returns (2021 to 2022)
SBIN,2022,2023,Shareholder Returns,Growth Funded by Debt,SBIN: Shareholder Returns -> Growth Funded by Debt (2022 to 2023)
SBIN,2023,2024,Growth Funded by Debt,Reinvestor,SBIN: Growth Funded by Debt -> Reinvestor (2023 to 2024)
SBIN,2024,nan,Reinvestor,Unknown,SBIN: Reinvestor -> Unknown (2024 to nan)
SHREECEM,2012,2013,Unknown,Shareholder Returns,SHREECEM: Unknown -> Shareholder Returns (2012 to 2013)
SHREECEM,2017,2018,Shareholder Returns,Mixed,SHREECEM: Shareholder Returns -> Mixed (2017 to 2018)
SHREECEM,2018,2019,Mixed,Shareholder Returns,SHREECEM: Mixed -> Shareholder Returns (2018 to 2019)
SHREECEM,2019,2020,Shareholder Returns,Mixed,SHREECEM: Shareholder Returns -> Mixed (2019 to 2020)
SHREECEM,2020,2021,Mixed,Shareholder Returns,SHREECEM: Mixed -> Shareholder Returns (2020 to 2021)
SHREECEM,2024,nan,Shareholder Returns,Unknown,SHREECEM: Shareholder Returns -> Unknown (2024 to nan)
SHRIRAMFIN,2012,2013,Unknown,Growth Funded by Debt,SHRIRAMFIN: Unknown -> Growth Funded by Debt (2012 to 2013)
SHRIRAMFIN,2017,2018,Growth Funded by Debt,Distress Signal,SHRIRAMFIN: Growth Funded by Debt -> Distress Signal (2017 to 2018)
SHRIRAMFIN,2018,2019,Distress Signal,Growth Funded by Debt,SHRIRAMFIN: Distress Signal -> Growth Funded by Debt (2018 to 2019)
SHRIRAMFIN,2022,2023,Growth Funded by Debt,Distress Signal,SHRIRAMFIN: Growth Funded by Debt -> Distress Signal (2022 to 2023)
SHRIRAMFIN,2023,2024,Distress Signal,Growth Funded by Debt,SHRIRAMFIN: Distress Signal -> Growth Funded by Debt (2023 to 2024)
SHRIRAMFIN,2024,nan,Growth Funded by Debt,Unknown,SHRIRAMFIN: Growth Funded by Debt -> Unknown (2024 to nan)
SIEMENS,2011,2012,Liquidating Assets,Unknown,SIEMENS: Liquidating Assets -> Unknown (2011 to 2012)
SIEMENS,2013,2014,Unknown,Liquidating Assets,SIEMENS: Unknown -> Liquidating Assets (2013 to 2014)
SIEMENS,2017,2018,Liquidating Assets,Reinvestor,SIEMENS: Liquidating Assets -> Reinvestor (2017 to 2018)
SIEMENS,2018,2019,Reinvestor,Shareholder Returns,SIEMENS: Reinvestor -> Shareholder Returns (2018 to 2019)
SIEMENS,2019,2020,Shareholder Returns,Liquidating Assets,SIEMENS: Shareholder Returns -> Liquidating Assets (2019 to 2020)
SIEMENS,2020,2021,Liquidating Assets,Shareholder Returns,SIEMENS: Liquidating Assets -> Shareholder Returns (2020 to 2021)
SIEMENS,2021,2022,Shareholder Returns,Reinvestor,SIEMENS: Shareholder Returns -> Reinvestor (2021 to 2022)
SIEMENS,2024,nan,Reinvestor,Unknown,SIEMENS: Reinvestor -> Unknown (2024 to nan)
SUNPHARMA,2012,2013,Unknown,Reinvestor,SUNPHARMA: Unknown -> Reinvestor (2012 to 2013)
SUNPHARMA,2013,2014,Reinvestor,Mixed,SUNPHARMA: Reinvestor -> Mixed (2013 to 2014)
SUNPHARMA,2014,2015,Mixed,Shareholder Returns,SUNPHARMA: Mixed -> Shareholder Returns (2014 to 2015)
SUNPHARMA,2016,2017,Shareholder Returns,Reinvestor,SUNPHARMA: Shareholder Returns -> Reinvestor (2016 to 2017)
SUNPHARMA,2017,2018,Reinvestor,Shareholder Returns,SUNPHARMA: Reinvestor -> Shareholder Returns (2017 to 2018)
SUNPHARMA,2018,2019,Shareholder Returns,Reinvestor,SUNPHARMA: Shareholder Returns -> Reinvestor (2018 to 2019)
SUNPHARMA,2019,2020,Reinvestor,Shareholder Returns,SUNPHARMA: Reinvestor -> Shareholder Returns (2019 to 2020)
SUNPHARMA,2020,2021,Shareholder Returns,Liquidating Assets,SUNPHARMA: Shareholder Returns -> Liquidating Assets (2020 to 2021)
SUNPHARMA,2021,2022,Liquidating Assets,Shareholder Returns,SUNPHARMA: Liquidating Assets -> Shareholder Returns (2021 to 2022)
SUNPHARMA,2022,2023,Shareholder Returns,Mixed,SUNPHARMA: Shareholder Returns -> Mixed (2022 to 2023)
SUNPHARMA,2023,2024,Mixed,Shareholder Returns,SUNPHARMA: Mixed -> Shareholder Returns (2023 to 2024)
SUNPHARMA,2024,nan,Shareholder Returns,Unknown,SUNPHARMA: Shareholder Returns -> Unknown (2024 to nan)
TATACONSUM,2012,2013,Unknown,Cash Accumulator,TATACONSUM: Unknown -> Cash Accumulator (2012 to 2013)
TATACONSUM,2013,2014,Cash Accumulator,Reinvestor,TATACONSUM: Cash Accumulator -> Reinvestor (2013 to 2014)
TATACONSUM,2014,2015,Reinvestor,Shareholder Returns,TATACONSUM: Reinvestor -> Shareholder Returns (2014 to 2015)
TATACONSUM,2015,2016,Shareholder Returns,Liquidating Assets,TATACONSUM: Shareholder Returns -> Liquidating Assets (2015 to 2016)
TATACONSUM,2017,2018,Liquidating Assets,Reinvestor,TATACONSUM: Liquidating Assets -> Reinvestor (2017 to 2018)
TATACONSUM,2018,2019,Reinvestor,Liquidating Assets,TATACONSUM: Reinvestor -> Liquidating Assets (2018 to 2019)
TATACONSUM,2019,2020,Liquidating Assets,Shareholder Returns,TATACONSUM: Liquidating Assets -> Shareholder Returns (2019 to 2020)
TATACONSUM,2023,2024,Shareholder Returns,Mixed,TATACONSUM: Shareholder Returns -> Mixed (2023 to 2024)
TATACONSUM,2024,nan,Mixed,Unknown,TATACONSUM: Mixed -> Unknown (2024 to nan)
TATAMOTORS,2012,2013,Unknown,Shareholder Returns,TATAMOTORS: Unknown -> Shareholder Returns (2012 to 2013)
TATAMOTORS,2014,2015,Shareholder Returns,Mixed,TATAMOTORS: Shareholder Returns -> Mixed (2014 to 2015)
TATAMOTORS,2015,2016,Mixed,Shareholder Returns,TATAMOTORS: Mixed -> Shareholder Returns (2015 to 2016)
TATAMOTORS,2016,2017,Shareholder Returns,Mixed,TATAMOTORS: Shareholder Returns -> Mixed (2016 to 2017)
TATAMOTORS,2021,2022,Mixed,Reinvestor,TATAMOTORS: Mixed -> Reinvestor (2021 to 2022)
TATAMOTORS,2022,2023,Reinvestor,Shareholder Returns,TATAMOTORS: Reinvestor -> Shareholder Returns (2022 to 2023)
TATAMOTORS,2024,nan,Shareholder Returns,Unknown,TATAMOTORS: Shareholder Returns -> Unknown (2024 to nan)
TATAPOWER,2012,2013,Unknown,Shareholder Returns,TATAPOWER: Unknown -> Shareholder Returns (2012 to 2013)
TATAPOWER,2016,2017,Shareholder Returns,Mixed,TATAPOWER: Shareholder Returns -> Mixed (2016 to 2017)
TATAPOWER,2017,2018,Mixed,Shareholder Returns,TATAPOWER: Mixed -> Shareholder Returns (2017 to 2018)
TATAPOWER,2020,2021,Shareholder Returns,Liquidating Assets,TATAPOWER: Shareholder Returns -> Liquidating Assets (2020 to 2021)
TATAPOWER,2021,2022,Liquidating Assets,Shareholder Returns,TATAPOWER: Liquidating Assets -> Shareholder Returns (2021 to 2022)
TATAPOWER,2022,2023,Shareholder Returns,Mixed,TATAPOWER: Shareholder Returns -> Mixed (2022 to 2023)
TATAPOWER,2023,2024,Mixed,Shareholder Returns,TATAPOWER: Mixed -> Shareholder Returns (2023 to 2024)
TATAPOWER,2024,nan,Shareholder Returns,Unknown,TATAPOWER: Shareholder Returns -> Unknown (2024 to nan)
TATASTEEL,2012,2013,Unknown,Reinvestor,TATASTEEL: Unknown -> Reinvestor (2012 to 2013)
TATASTEEL,2013,2014,Reinvestor,Mixed,TATASTEEL: Reinvestor -> Mixed (2013 to 2014)
TATASTEEL,2014,2015,Mixed,Reinvestor,TATASTEEL: Mixed -> Reinvestor (2014 to 2015)
TATASTEEL,2017,2018,Reinvestor,Mixed,TATASTEEL: Reinvestor -> Mixed (2017 to 2018)
TATASTEEL,2018,2019,Mixed,Shareholder Returns,TATASTEEL: Mixed -> Shareholder Returns (2018 to 2019)
TATASTEEL,2023,2024,Shareholder Returns,Reinvestor,TATASTEEL: Shareholder Returns -> Reinvestor (2023 to 2024)
TATASTEEL,2024,nan,Reinvestor,Unknown,TATASTEEL: Reinvestor -> Unknown (2024 to nan)
TCS,2012,2013,Unknown,Reinvestor,TCS: Unknown -> Reinvestor (2012 to 2013)
TCS,2017,2018,Reinvestor,Liquidating Assets,TCS: Reinvestor -> Liquidating Assets (2017 to 2018)
TCS,2020,2021,Liquidating Assets,Shareholder Returns,TCS: Liquidating Assets -> Shareholder Returns (2020 to 2021)
TCS,2022,2023,Shareholder Returns,Liquidating Assets,TCS: Shareholder Returns -> Liquidating Assets (2022 to 2023)
TCS,2024,nan,Liquidating Assets,Unknown,TCS: Liquidating Assets -> Unknown (2024 to nan)
TECHM,2012,2013,Unknown,Mixed,TECHM: Unknown -> Mixed (2012 to 2013)
TECHM,2013,2014,Mixed,Liquidating Assets,TECHM: Mixed -> Liquidating Assets (2013 to 2014)
TECHM,2014,2015,Liquidating Assets,Reinvestor,TECHM: Liquidating Assets -> Reinvestor (2014 to 2015)
TECHM,2015,2016,Reinvestor,Shareholder Returns,TECHM: Reinvestor -> Shareholder Returns (2015 to 2016)
TECHM,2017,2018,Shareholder Returns,Reinvestor,TECHM: Shareholder Returns -> Reinvestor (2017 to 2018)
TECHM,2018,2019,Reinvestor,Shareholder Returns,TECHM: Reinvestor -> Shareholder Returns (2018 to 2019)
TECHM,2019,2020,Shareholder Returns,Liquidating Assets,TECHM: Shareholder Returns -> Liquidating Assets (2019 to 2020)
TECHM,2020,2021,Liquidating Assets,Shareholder Returns,TECHM: Liquidating Assets -> Shareholder Returns (2020 to 2021)
TECHM,2021,2022,Shareholder Returns,Liquidating Assets,TECHM: Shareholder Returns -> Liquidating Assets (2021 to 2022)
TECHM,2022,2023,Liquidating Assets,Shareholder Returns,TECHM: Liquidating Assets -> Shareholder Returns (2022 to 2023)
TECHM,2024,nan,Shareholder Returns,Unknown,TECHM: Shareholder Returns -> Unknown (2024 to nan)
TITAN,2012,2013,Unknown,Reinvestor,TITAN: Unknown -> Reinvestor (2012 to 2013)
TITAN,2013,2014,Reinvestor,Growth Funded by Debt,TITAN: Reinvestor -> Growth Funded by Debt (2013 to 2014)
TITAN,2014,2015,Growth Funded by Debt,Reinvestor,TITAN: Growth Funded by Debt -> Reinvestor (2014 to 2015)
TITAN,2016,2017,Reinvestor,Shareholder Returns,TITAN: Reinvestor -> Shareholder Returns (2016 to 2017)
TITAN,2017,2018,Shareholder Returns,Unknown,TITAN: Shareholder Returns -> Unknown (2017 to 2018)
TITAN,2018,2019,Unknown,Reinvestor,TITAN: Unknown -> Reinvestor (2018 to 2019)
TITAN,2019,2020,Reinvestor,Unknown,TITAN: Reinvestor -> Unknown (2019 to 2020)
TITAN,2020,2021,Unknown,Shareholder Returns,TITAN: Unknown -> Shareholder Returns (2020 to 2021)
TITAN,2021,2022,Shareholder Returns,Unknown,TITAN: Shareholder Returns -> Unknown (2021 to 2022)
TITAN,2022,2023,Unknown,Mixed,TITAN: Unknown -> Mixed (2022 to 2023)
TITAN,2023,2024,Mixed,Reinvestor,TITAN: Mixed -> Reinvestor (2023 to 2024)
TITAN,2024,nan,Reinvestor,Unknown,TITAN: Reinvestor -> Unknown (2024 to nan)
TORNTPHARM,2012,2013,Unknown,Mixed,TORNTPHARM: Unknown -> Mixed (2012 to 2013)
TORNTPHARM,2015,2016,Mixed,Shareholder Returns,TORNTPHARM: Mixed -> Shareholder Returns (2015 to 2016)
TORNTPHARM,2017,2018,Shareholder Returns,Mixed,TORNTPHARM: Shareholder Returns -> Mixed (2017 to 2018)
TORNTPHARM,2018,2019,Mixed,Shareholder Returns,TORNTPHARM: Mixed -> Shareholder Returns (2018 to 2019)
TORNTPHARM,2019,2020,Shareholder Returns,Liquidating Assets,TORNTPHARM: Shareholder Returns -> Liquidating Assets (2019 to 2020)
TORNTPHARM,2020,2021,Liquidating Assets,Shareholder Returns,TORNTPHARM: Liquidating Assets -> Shareholder Returns (2020 to 2021)
TORNTPHARM,2022,2023,Shareholder Returns,Mixed,TORNTPHARM: Shareholder Returns -> Mixed (2022 to 2023)
TORNTPHARM,2023,2024,Mixed,Shareholder Returns,TORNTPHARM: Mixed -> Shareholder Returns (2023 to 2024)
TORNTPHARM,2024,nan,Shareholder Returns,Unknown,TORNTPHARM: Shareholder Returns -> Unknown (2024 to nan)
TRENT,2012,2013,Unknown,Mixed,TRENT: Unknown -> Mixed (2012 to 2013)
TRENT,2013,2014,Mixed,Pre-Revenue,TRENT: Mixed -> Pre-Revenue (2013 to 2014)
TRENT,2014,2015,Pre-Revenue,Growth Funded by Debt,TRENT: Pre-Revenue -> Growth Funded by Debt (2014 to 2015)
TRENT,2015,2016,Growth Funded by Debt,Shareholder Returns,TRENT: Growth Funded by Debt -> Shareholder Returns (2015 to 2016)
TRENT,2017,2018,Shareholder Returns,Reinvestor,TRENT: Shareholder Returns -> Reinvestor (2017 to 2018)
TRENT,2018,2019,Reinvestor,Mixed,TRENT: Reinvestor -> Mixed (2018 to 2019)
TRENT,2020,2021,Mixed,Liquidating Assets,TRENT: Mixed -> Liquidating Assets (2020 to 2021)
TRENT,2022,2023,Liquidating Assets,Shareholder Returns,TRENT: Liquidating Assets -> Shareholder Returns (2022 to 2023)
TRENT,2023,2024,Shareholder Returns,Reinvestor,TRENT: Shareholder Returns -> Reinvestor (2023 to 2024)
TRENT,2024,nan,Reinvestor,Unknown,TRENT: Reinvestor -> Unknown (2024 to nan)
TVSMOTOR,2012,2013,Unknown,Shareholder Returns,TVSMOTOR: Unknown -> Shareholder Returns (2012 to 2013)
TVSMOTOR,2014,2015,Shareholder Returns,Mixed,TVSMOTOR: Shareholder Returns -> Mixed (2014 to 2015)
TVSMOTOR,2015,2016,Mixed,Shareholder Returns,TVSMOTOR: Mixed -> Shareholder Returns (2015 to 2016)
TVSMOTOR,2017,2018,Shareholder Returns,Mixed,TVSMOTOR: Shareholder Returns -> Mixed (2017 to 2018)
TVSMOTOR,2018,2019,Mixed,Growth Funded by Debt,TVSMOTOR: Mixed -> Growth Funded by Debt (2018 to 2019)
TVSMOTOR,2019,2020,Growth Funded by Debt,Mixed,TVSMOTOR: Growth Funded by Debt -> Mixed (2019 to 2020)
TVSMOTOR,2021,2022,Mixed,Growth Funded by Debt,TVSMOTOR: Mixed -> Growth Funded by Debt (2021 to 2022)
TVSMOTOR,2024,nan,Growth Funded by Debt,Unknown,TVSMOTOR: Growth Funded by Debt -> Unknown (2024 to nan)
